,SectorStatID,SectorStatName,PersID,Age,GenderID,GenderName,ChildOrParent,HouseholdID,HouseholdTypeID,HouseholdTypeName,Code,Commune,WorkerID,WorkerType,WorkPlaceID,WorkPlaceName
0,21004A03-,BON SECOURS - PALAIS DU MIDI,256702,4,0,male,child,138261,1,couple_with_child,21004A03-,Bruxelles,7,StayHome,21004A03-,BON SECOURS - PALAIS DU MIDI
1,21002A25-,WATERMAEL (CHAUSSEE DE),136642,3,1,female,child,72026,4,single_with_child,21002A25-,Auderghem,7,StayHome,21002A25-,WATERMAEL (CHAUSSEE DE)
2,21010A1AJ,ARBRE BALLON,612058,5,0,male,child,339700,1,couple_with_child,21010A1AJ,Jette,7,StayHome,21010A1AJ,ARBRE BALLON
3,21012A10-,DUCHESSE DE BRABANT,691049,3,1,female,child,379795,1,couple_with_child,21012A10-,Molenbeek Saint-Jean,7,StayHome,21012A10-,DUCHESSE DE BRABANT
4,21015A20-,HELMET,990621,5,0,male,child,536198,4,single_with_child,21015A20-,Schaerbeek,7,StayHome,21015A20-,HELMET
5,21012A50-,BENES,733490,4,0,male,child,400843,4,single_with_child,21012A50-,Molenbeek Saint-Jean,7,StayHome,21012A50-,BENES
6,21015A31-,PATRIE,869094,3,1,female,child,475448,1,couple_with_child,21015A31-,Schaerbeek,7,StayHome,21015A31-,PATRIE
7,21004D610,ANVERS (CHAUSSEE D')-SUD,380640,5,1,female,child,207211,4,single_with_child,21004D610,Bruxelles,7,StayHome,21004D610,ANVERS (CHAUSSEE D')-SUD
8,21012A00-,CENTRE,693133,5,0,male,child,380892,4,single_with_child,21012A00-,Molenbeek Saint-Jean,7,StayHome,21012A00-,CENTRE
9,21013A422,CRICKX (RUE),785535,4,1,female,child,428251,1,couple_with_child,21013A422,Saint-Gilles,7,StayHome,21013A422,CRICKX (RUE)
10,21015A51-,CERISIERS (AVENUE DES),923075,4,0,male,child,503438,1,couple_with_child,21015A51-,Schaerbeek,7,StayHome,21015A51-,CERISIERS (AVENUE DES)
11,21011A30-,ARCHERS - FOUREZ,652357,5,0,male,child,360139,1,couple_with_child,21011A30-,Koekelberg,7,StayHome,21011A30-,ARCHERS - FOUREZ
12,21004F522,AVENUE DE VERSAILLES,367928,4,1,female,child,200198,1,couple_with_child,21004F522,Bruxelles,7,StayHome,21004F522,AVENUE DE VERSAILLES
13,21012A30-,METTEWIE - IDYLLE,751473,5,0,male,child,410655,4,single_with_child,21012A30-,Molenbeek Saint-Jean,7,StayHome,21012A30-,METTEWIE - IDYLLE
14,21004B411,DEUX EGLISES (RUE DES),193983,5,0,male,child,102784,4,single_with_child,21004B411,Bruxelles,7,StayHome,21004B411,DEUX EGLISES (RUE DES)
15,21012A13-,BIRMINGHAM-NORD,699839,4,0,male,parent,383844,1,couple_with_child,21012A13-,Molenbeek Saint-Jean,7,StayHome,21012A13-,BIRMINGHAM-NORD
16,21016A933,VOSSEGAT-OUEST,1029365,5,0,male,child,557594,1,couple_with_child,21016A933,Uccle,7,StayHome,21016A933,VOSSEGAT-OUEST
17,21017A230,BEGUINETTES,1094446,4,0,male,child,593000,1,couple_with_child,21017A230,Watermael-Boitsfort,7,StayHome,21017A230,BEGUINETTES
18,21006A21-,HOME FAMILIAL BRABANT,451278,4,0,male,child,247667,1,couple_with_child,21006A21-,Evere,7,StayHome,21006A21-,HOME FAMILIAL BRABANT
19,21001A83-,PETERBOS,5135,5,0,male,child,2689,1,couple_with_child,21001A83-,Anderlecht,7,StayHome,21001A83-,PETERBOS
20,21014A04-,HAECHT (CHAUSSEE DE),847424,3,0,male,child,463530,1,couple_with_child,21014A04-,Saint-Josse-ten-Noode,7,StayHome,21014A04-,HAECHT (CHAUSSEE DE)
21,21012A84-,METTEWIE-BUILDINGS,675291,4,1,female,child,371723,1,couple_with_child,21012A84-,Molenbeek Saint-Jean,7,StayHome,21012A84-,METTEWIE-BUILDINGS
22,21001A552,TREFLE,26261,4,0,male,child,14281,4,single_with_child,21001A552,Anderlecht,7,StayHome,21001A552,TREFLE
23,21001B25-,REVISION-NORD,76829,4,0,male,child,41191,1,couple_with_child,21001B25-,Anderlecht,7,StayHome,21001B25-,REVISION-NORD
24,21004E83-,STIENON (AVENUE),323760,5,0,male,child,177494,1,couple_with_child,21004E83-,Bruxelles,7,StayHome,21004E83-,STIENON (AVENUE)
25,21012A011,CANAL-SUD,772995,4,0,male,child,421562,4,single_with_child,21012A011,Molenbeek Saint-Jean,7,StayHome,21012A011,CANAL-SUD
26,21012A172,GARE OUEST,686649,4,1,female,child,377726,4,single_with_child,21012A172,Molenbeek Saint-Jean,7,StayHome,21012A172,GARE OUEST
27,21016A701,MERLO,1033667,5,1,female,child,559872,1,couple_with_child,21016A701,Uccle,7,StayHome,21016A701,MERLO
28,21002A25-,WATERMAEL (CHAUSSEE DE),136480,5,1,female,child,71971,4,single_with_child,21002A25-,Auderghem,7,StayHome,21002A25-,WATERMAEL (CHAUSSEE DE)
29,21010A00-,CENTRE,626758,4,0,male,child,347241,1,couple_with_child,21010A00-,Jette,7,StayHome,21010A00-,CENTRE
30,21007A70-,ALTITUDE  CENT,516611,4,1,female,child,282166,1,couple_with_child,21007A70-,Forest,7,StayHome,21007A70-,ALTITUDE  CENT
31,21001B20-,CONSEIL-NORD,59759,3,0,male,child,32220,4,single_with_child,21001B20-,Anderlecht,7,StayHome,21001B20-,CONSEIL-NORD
32,21004F922,RUE CHATEAU BEYAERD,239016,3,0,male,child,127829,1,couple_with_child,21004F922,Bruxelles,7,StayHome,21004F922,RUE CHATEAU BEYAERD
33,21006A142,ED. DEKNOOP (RUE),475662,3,1,female,child,260559,1,couple_with_child,21006A142,Evere,7,StayHome,21006A142,ED. DEKNOOP (RUE)
34,21014A41-,BOSSUET,838624,3,1,female,child,458924,1,couple_with_child,21014A41-,Saint-Josse-ten-Noode,7,StayHome,21014A41-,BOSSUET
35,21013A23-,ROI (AVENUE DU),799379,4,1,female,child,435959,1,couple_with_child,21013A23-,Saint-Gilles,7,StayHome,21013A23-,ROI (AVENUE DU)
36,21013A13-,DETHY (RUE),781208,4,1,female,child,425993,1,couple_with_child,21013A13-,Saint-Gilles,7,StayHome,21013A13-,DETHY (RUE)
37,21016A02-,ALSEMBERG-NORD,1022649,4,0,male,child,553836,4,single_with_child,21016A02-,Uccle,7,StayHome,21016A02-,ALSEMBERG-NORD
38,21001A712,SCHEUT - DE SMET,87613,4,0,male,child,47106,1,couple_with_child,21001A712,Anderlecht,7,StayHome,21001A712,SCHEUT - DE SMET
39,21009A53-,LONDRES (PLACE DE),580579,4,1,female,child,321852,1,couple_with_child,21009A53-,Ixelles,7,StayHome,21009A53-,LONDRES (PLACE DE)
40,21005A042,PH. BAUCQ (RUE),389782,3,1,female,child,211933,1,couple_with_child,21005A042,Etterbeek,7,StayHome,21005A042,PH. BAUCQ (RUE)
41,21014A14-,PRAIRIE,835864,5,0,male,parent,457266,4,single_with_child,21014A14-,Saint-Josse-ten-Noode,7,StayHome,21014A14-,PRAIRIE
42,21004A70-,BLAES (RUE)-SUD,253719,4,1,female,child,136275,4,single_with_child,21004A70-,Bruxelles,7,StayHome,21004A70-,BLAES (RUE)-SUD
43,21009A63-,MACAU,529659,3,1,female,child,290097,4,single_with_child,21009A63-,Ixelles,7,StayHome,21009A63-,MACAU
44,21013A252,DANEMARK (RUE DE),797869,5,0,male,child,435132,1,couple_with_child,21013A252,Saint-Gilles,7,StayHome,21013A252,DANEMARK (RUE DE)
45,21012A60-,LAEKENVELD,706586,4,1,female,child,387477,1,couple_with_child,21012A60-,Molenbeek Saint-Jean,7,StayHome,21012A60-,LAEKENVELD
46,21009A22-,UNIVERSITE,576518,5,0,male,child,319299,4,single_with_child,21009A22-,Ixelles,7,StayHome,21009A22-,UNIVERSITE
47,21009A21-,ETE,544713,3,1,female,child,299188,1,couple_with_child,21009A21-,Ixelles,7,StayHome,21009A21-,ETE
48,21003A00-,CENTRE,179845,3,1,female,child,94949,4,single_with_child,21003A00-,Berchem Sainte-Agathe,7,StayHome,21003A00-,CENTRE
49,21017A220,LE LOGIS-SUD,1095247,4,0,male,child,593511,4,single_with_child,21017A220,Watermael-Boitsfort,7,StayHome,21017A220,LE LOGIS-SUD
50,21004D672,QUAI DE WILLEBROECK,363123,3,1,female,child,197693,1,couple_with_child,21004D672,Bruxelles,7,StayHome,21004D672,QUAI DE WILLEBROECK
51,21007A783,PARC DE FOREST,512836,3,0,male,parent,280095,1,couple_with_child,21007A783,Forest,7,StayHome,21007A783,PARC DE FOREST
52,21015A43-,GARE DU NORD,954925,4,0,male,child,519172,1,couple_with_child,21015A43-,Schaerbeek,7,StayHome,21015A43-,GARE DU NORD
53,21012A30-,METTEWIE - IDYLLE,752290,4,1,female,child,410974,1,couple_with_child,21012A30-,Molenbeek Saint-Jean,7,StayHome,21012A30-,METTEWIE - IDYLLE
54,21010A111,HEYMBOSCH,607798,5,1,female,child,337530,1,couple_with_child,21010A111,Jette,7,StayHome,21010A111,HEYMBOSCH
55,21019A03-,CAPITAINE PIRET (AVENUE),1190484,4,1,female,child,647855,1,couple_with_child,21019A03-,Woluwe Saint-Pierre,7,StayHome,21019A03-,CAPITAINE PIRET (AVENUE)
56,21013A41-,VILLAS (AVENUE DES),820840,4,1,female,child,448762,4,single_with_child,21013A41-,Saint-Gilles,7,StayHome,21013A41-,VILLAS (AVENUE DES)
57,21004E70-,MARIE-CHRISTINE (RUE),303685,4,0,male,child,167696,1,couple_with_child,21004E70-,Bruxelles,7,StayHome,21004E70-,MARIE-CHRISTINE (RUE)
58,21010A02-,LEOPOLD I,648892,5,1,female,parent,356594,1,couple_with_child,21010A02-,Jette,7,StayHome,21010A02-,LEOPOLD I
59,21018A63-,CONSTELLATIONS,1142787,3,0,male,child,620779,1,couple_with_child,21018A63-,Woluwe Saint-Lambert,7,StayHome,21018A63-,CONSTELLATIONS
60,21016A521,VERREWINKEL,1082696,5,1,female,child,586713,1,couple_with_child,21016A521,Uccle,7,StayHome,21016A521,VERREWINKEL
61,21004E82-,CITE MODELE,372504,4,0,male,child,202343,4,single_with_child,21004E82-,Bruxelles,7,StayHome,21004E82-,CITE MODELE
62,21015A64-,DUPLOYE SQUARE,902429,5,0,male,child,492539,1,couple_with_child,21015A64-,Schaerbeek,7,StayHome,21015A64-,DUPLOYE SQUARE
63,21004A22-,SENNE (RUE DE LA),263503,3,0,male,child,142632,1,couple_with_child,21004A22-,Bruxelles,7,StayHome,21004A22-,SENNE (RUE DE LA)
64,21003A011,MOLENBERG,175921,4,1,female,child,93188,4,single_with_child,21003A011,Berchem Sainte-Agathe,7,StayHome,21003A011,MOLENBERG
65,21004E130,SACRE-COEUR,328509,5,1,female,child,179528,4,single_with_child,21004E130,Bruxelles,7,StayHome,21004E130,SACRE-COEUR
66,21005A20-,PORTE DE TERVUEREN - TONGRES,409105,3,0,male,child,223445,4,single_with_child,21005A20-,Etterbeek,7,StayHome,21005A20-,PORTE DE TERVUEREN - TONGRES
67,21004A21-,ANNEESSENS (PLACE),298926,5,0,male,parent,162982,1,couple_with_child,21004A21-,Bruxelles,7,StayHome,21004A21-,ANNEESSENS (PLACE)
68,21007A239,NEPTUNE (AVENUE) I,520026,4,1,female,child,284127,1,couple_with_child,21007A239,Forest,7,StayHome,21007A239,NEPTUNE (AVENUE) I
69,21001C611,SOETKIN,40152,3,0,male,child,22037,1,couple_with_child,21001C611,Anderlecht,7,StayHome,21001C611,SOETKIN
70,21015A63-,DESCHANEL P. (AVENUE),878626,3,1,female,child,480577,1,couple_with_child,21015A63-,Schaerbeek,7,StayHome,21015A63-,DESCHANEL P. (AVENUE)
71,21013A23-,ROI (AVENUE DU),799666,3,1,female,child,436048,1,couple_with_child,21013A23-,Saint-Gilles,7,StayHome,21013A23-,ROI (AVENUE DU)
72,21001B25-,REVISION-NORD,76461,3,1,female,child,41072,1,couple_with_child,21001B25-,Anderlecht,7,StayHome,21001B25-,REVISION-NORD
73,21017A512,VANDER ELST - BIEN FAIRE,1088710,4,0,male,child,589842,1,couple_with_child,21017A512,Watermael-Boitsfort,7,StayHome,21017A512,VANDER ELST - BIEN FAIRE
74,21010A02-,LEOPOLD I,647891,5,1,female,child,357638,1,couple_with_child,21010A02-,Jette,7,StayHome,21010A02-,LEOPOLD I
75,21015A152,PR. ELISABETH-NORD,931696,4,0,male,child,507820,1,couple_with_child,21015A152,Schaerbeek,7,StayHome,21015A152,PR. ELISABETH-NORD
76,21007A04-,FOYER FORESTOIS - MADELON,505505,3,1,female,child,276464,1,couple_with_child,21007A04-,Forest,7,StayHome,21007A04-,FOYER FORESTOIS - MADELON
77,21001A10-,PORSELEIN,116304,3,1,female,child,61470,1,couple_with_child,21001A10-,Anderlecht,7,StayHome,21001A10-,PORSELEIN
78,21015A04-,L'OLIVIER (RUE),944924,3,0,male,child,514006,1,couple_with_child,21015A04-,Schaerbeek,7,StayHome,21015A04-,L'OLIVIER (RUE)
79,21014A05-,HOUWAERT,853947,3,1,female,child,466630,1,couple_with_child,21014A05-,Saint-Josse-ten-Noode,7,StayHome,21014A05-,HOUWAERT
80,21014A14-,PRAIRIE,835142,3,0,male,child,457387,1,couple_with_child,21014A14-,Saint-Josse-ten-Noode,7,StayHome,21014A14-,PRAIRIE
81,21018A3MJ,GULLEDELLE,1175809,5,0,male,child,639721,1,couple_with_child,21018A3MJ,Woluwe Saint-Lambert,7,StayHome,21018A3MJ,GULLEDELLE
82,21018A22-,DE BROQUEVILLE (AVENUE)-SUD,1133788,3,1,female,child,615799,1,couple_with_child,21018A22-,Woluwe Saint-Lambert,7,StayHome,21018A22-,DE BROQUEVILLE (AVENUE)-SUD
83,21013A252,DANEMARK (RUE DE),797799,5,1,female,child,435110,1,couple_with_child,21013A252,Saint-Gilles,7,StayHome,21013A252,DANEMARK (RUE DE)
84,21004E130,SACRE-COEUR,328757,3,0,male,child,179608,4,single_with_child,21004E130,Bruxelles,7,StayHome,21004E130,SACRE-COEUR
85,21001A90-,SCHEUTKAPEL,70947,3,1,female,child,38328,1,couple_with_child,21001A90-,Anderlecht,7,StayHome,21001A90-,SCHEUTKAPEL
86,21005A031,MAELBEEK,413182,3,1,female,child,225833,1,couple_with_child,21005A031,Etterbeek,7,StayHome,21005A031,MAELBEEK
87,21012A732,CANAL-NORD,774340,5,0,male,child,422271,4,single_with_child,21012A732,Molenbeek Saint-Jean,7,StayHome,21012A732,CANAL-NORD
88,21015A00-,COLIGNON (PLACE),972584,3,0,male,child,527199,1,couple_with_child,21015A00-,Schaerbeek,7,StayHome,21015A00-,COLIGNON (PLACE)
89,21011A11-,LEPREUX,649967,5,0,male,child,358992,1,couple_with_child,21011A11-,Koekelberg,7,StayHome,21011A11-,LEPREUX
90,21011A01-,SAINTE-ANNE,662221,3,0,male,child,365038,1,couple_with_child,21011A01-,Koekelberg,7,StayHome,21011A01-,SAINTE-ANNE
91,21016A225,PTOLEMEE,1041990,5,1,female,child,564754,1,couple_with_child,21016A225,Uccle,7,StayHome,21016A225,PTOLEMEE
92,21012A63-,DUBRUCQ-NORD,710686,3,0,male,child,389594,1,couple_with_child,21012A63-,Molenbeek Saint-Jean,7,StayHome,21012A63-,DUBRUCQ-NORD
93,21016A400,SAINT-JOB,1074087,5,1,female,child,581997,1,couple_with_child,21016A400,Uccle,7,StayHome,21016A400,SAINT-JOB
94,21013A51-,TOISON D'OR (AVENUE),827667,5,0,male,child,453046,1,couple_with_child,21013A51-,Saint-Gilles,7,StayHome,21013A51-,TOISON D'OR (AVENUE)
95,21004D600,PARVIS SAINT-ROCH,379038,3,0,male,child,206294,4,single_with_child,21004D600,Bruxelles,7,StayHome,21004D600,PARVIS SAINT-ROCH
96,21003A04-,L. DE SMET,168439,4,1,female,child,89218,1,couple_with_child,21003A04-,Berchem Sainte-Agathe,7,StayHome,21003A04-,L. DE SMET
97,21006A052,CHAMP DE REPOS,479148,3,0,male,child,262185,1,couple_with_child,21006A052,Evere,7,StayHome,21006A052,CHAMP DE REPOS
98,21011A20-,PLATEAU,656680,3,0,male,child,361948,1,couple_with_child,21011A20-,Koekelberg,7,StayHome,21011A20-,PLATEAU
99,21016A772,ZWARTEBEEK,1034893,3,1,female,child,560570,4,single_with_child,21016A772,Uccle,7,StayHome,21016A772,ZWARTEBEEK
100,21012A511,STEYNS,718171,4,0,male,child,393455,1,couple_with_child,21012A511,Molenbeek Saint-Jean,7,StayHome,21012A511,STEYNS
101,21014A12-,SAINT-LAZARE,844169,3,0,male,child,462095,1,couple_with_child,21014A12-,Saint-Josse-ten-Noode,7,StayHome,21014A12-,SAINT-LAZARE
102,21007A101,BOURGOGNE,511427,4,0,male,child,279390,4,single_with_child,21007A101,Forest,7,StayHome,21007A101,BOURGOGNE
103,21012A00-,CENTRE,693499,3,0,male,child,380993,1,couple_with_child,21012A00-,Molenbeek Saint-Jean,7,StayHome,21012A00-,CENTRE
104,21012A03-,RANSFORT,768627,5,1,female,child,419205,4,single_with_child,21012A03-,Molenbeek Saint-Jean,7,StayHome,21012A03-,RANSFORT
105,21017A451,FUTAIE,1113108,5,0,male,child,603910,1,couple_with_child,21017A451,Watermael-Boitsfort,7,StayHome,21017A451,FUTAIE
106,21010A05-,ALBERT (QUARTIER),615423,3,0,male,child,341322,1,couple_with_child,21010A05-,Jette,7,StayHome,21010A05-,ALBERT (QUARTIER)
107,21001B17-,ABATTOIR,86764,3,0,male,child,46624,1,couple_with_child,21001B17-,Anderlecht,7,StayHome,21001B17-,ABATTOIR
108,21006A403,QUARTIER CICERO,445377,5,1,female,child,244622,1,couple_with_child,21006A403,Evere,7,StayHome,21006A403,QUARTIER CICERO
109,21012A23-,MACHTENS-SUD,755665,5,1,female,child,412630,1,couple_with_child,21012A23-,Molenbeek Saint-Jean,7,StayHome,21012A23-,MACHTENS-SUD
110,21014A00-,PLACE SAINT-JOSSE,830069,4,0,male,child,454476,1,couple_with_child,21014A00-,Saint-Josse-ten-Noode,7,StayHome,21014A00-,PLACE SAINT-JOSSE
111,21012A11-,INDUSTRIE,771056,5,1,female,parent,419953,4,single_with_child,21012A11-,Molenbeek Saint-Jean,7,StayHome,21012A11-,INDUSTRIE
112,21005A20-,PORTE DE TERVUEREN - TONGRES,409202,4,1,female,child,223490,1,couple_with_child,21005A20-,Etterbeek,7,StayHome,21005A20-,PORTE DE TERVUEREN - TONGRES
113,21017A432,DRIES,1103157,3,1,female,child,598290,1,couple_with_child,21017A432,Watermael-Boitsfort,7,StayHome,21017A432,DRIES
114,21014A41-,BOSSUET,838661,5,1,female,child,458937,4,single_with_child,21014A41-,Saint-Josse-ten-Noode,7,StayHome,21014A41-,BOSSUET
115,21003A00-,CENTRE,180063,3,1,female,child,95017,1,couple_with_child,21003A00-,Berchem Sainte-Agathe,7,StayHome,21003A00-,CENTRE
116,21015A41-,VANDERLINDEN (RUE),961816,4,0,male,child,522214,1,couple_with_child,21015A41-,Schaerbeek,7,StayHome,21015A41-,VANDERLINDEN (RUE)
117,21004E130,SACRE-COEUR,328749,3,1,female,child,179606,4,single_with_child,21004E130,Bruxelles,7,StayHome,21004E130,SACRE-COEUR
118,21019A35-,HORIZON (AVENUE),1205605,4,0,male,child,656030,4,single_with_child,21019A35-,Woluwe Saint-Pierre,7,StayHome,21019A35-,HORIZON (AVENUE)
119,21004A70-,BLAES (RUE)-SUD,253679,5,0,male,child,136259,1,couple_with_child,21004A70-,Bruxelles,7,StayHome,21004A70-,BLAES (RUE)-SUD
120,21004A15-,JACOBS (PLACE),272085,4,1,female,child,148431,1,couple_with_child,21004A15-,Bruxelles,7,StayHome,21004A15-,JACOBS (PLACE)
121,21004E12-,PRINCE LEOPOLD (SQUARE),351136,3,1,female,child,190922,1,couple_with_child,21004E12-,Bruxelles,7,StayHome,21004E12-,PRINCE LEOPOLD (SQUARE)
122,21001A911,SCHEUT-EST,93515,3,1,female,child,50079,1,couple_with_child,21001A911,Anderlecht,7,StayHome,21001A911,SCHEUT-EST
123,21010A21-,MADELEINE,642846,3,0,male,child,355285,1,couple_with_child,21010A21-,Jette,7,StayHome,21010A21-,MADELEINE
124,21013A242,BETHLEEM (PLACE DE),775920,5,1,female,child,423117,1,couple_with_child,21013A242,Saint-Gilles,7,StayHome,21013A242,BETHLEEM (PLACE DE)
125,21001A51-,SCHERDEMAEL,22385,5,0,male,child,12230,1,couple_with_child,21001A51-,Anderlecht,7,StayHome,21001A51-,SCHERDEMAEL
126,21005A15-,SAINT-MICHEL COLLEGE,410513,3,0,male,child,224361,1,couple_with_child,21005A15-,Etterbeek,7,StayHome,21005A15-,SAINT-MICHEL COLLEGE
127,21012A041,QUATRE VENTS,688482,4,0,male,child,378539,1,couple_with_child,21012A041,Molenbeek Saint-Jean,7,StayHome,21012A041,QUATRE VENTS
128,21012A25-,BEEKKANT,685553,5,1,female,child,377190,1,couple_with_child,21012A25-,Molenbeek Saint-Jean,7,StayHome,21012A25-,BEEKKANT
129,21015A05-,ROYALE SAINTE-MARIE (RUE),926791,5,0,male,child,504965,1,couple_with_child,21015A05-,Schaerbeek,7,StayHome,21015A05-,ROYALE SAINTE-MARIE (RUE)
130,21005A00-,HOTEL COMMUNAL,424956,5,0,male,child,232455,1,couple_with_child,21005A00-,Etterbeek,7,StayHome,21005A00-,HOTEL COMMUNAL
131,21016A05-,LE CHAT,1047232,5,1,female,child,567411,1,couple_with_child,21016A05-,Uccle,7,StayHome,21016A05-,LE CHAT
132,21004A01-,VIEILLE HALLE AUX BLES,262366,3,1,female,parent,141596,1,couple_with_child,21004A01-,Bruxelles,7,StayHome,21004A01-,VIEILLE HALLE AUX BLES
133,21009A101,FLAGEY (PLACE),522060,5,1,female,child,285257,1,couple_with_child,21009A101,Ixelles,7,StayHome,21009A101,FLAGEY (PLACE)
134,21013A151,METAL (RUE DU),813427,3,0,male,child,444300,4,single_with_child,21013A151,Saint-Gilles,7,StayHome,21013A151,METAL (RUE DU)
135,21004A811,QUAI DU COMMERCE,360602,3,0,male,child,196169,1,couple_with_child,21004A811,Bruxelles,7,StayHome,21004A811,QUAI DU COMMERCE
136,21016A05-,LE CHAT,1047659,5,0,male,child,567580,1,couple_with_child,21016A05-,Uccle,7,StayHome,21016A05-,LE CHAT
137,21015A24-,WAELHEM (RUE),980082,3,1,female,child,530891,1,couple_with_child,21015A24-,Schaerbeek,7,StayHome,21015A24-,WAELHEM (RUE)
138,21009A73-,BERCKENDAEL,589530,4,0,male,child,327754,1,couple_with_child,21009A73-,Ixelles,7,StayHome,21009A73-,BERCKENDAEL
139,21010A141,BRUGMANN,633235,5,1,female,child,350585,1,couple_with_child,21010A141,Jette,7,StayHome,21010A141,BRUGMANN
140,21002A030,LAMMERENDRIES,151939,5,0,male,child,80444,1,couple_with_child,21002A030,Auderghem,7,StayHome,21002A030,LAMMERENDRIES
141,21012A552,PFEIFFER,673513,4,1,female,child,370657,4,single_with_child,21012A552,Molenbeek Saint-Jean,7,StayHome,21012A552,PFEIFFER
142,21005A031,MAELBEEK,412764,5,1,female,child,225630,4,single_with_child,21005A031,Etterbeek,7,StayHome,21005A031,MAELBEEK
143,21010A04-,NOTRE-DAME DE LOURDES,596534,3,0,male,child,331595,1,couple_with_child,21010A04-,Jette,7,StayHome,21010A04-,NOTRE-DAME DE LOURDES
144,21004E130,SACRE-COEUR,330512,3,1,female,parent,179097,4,single_with_child,21004E130,Bruxelles,7,StayHome,21004E130,SACRE-COEUR
145,21004C52-,LOUISE (AVENUE)-NORD-OUEST,283872,5,1,female,child,156456,1,couple_with_child,21004C52-,Bruxelles,7,StayHome,21004C52-,LOUISE (AVENUE)-NORD-OUEST
146,21015A101,GARE,935845,5,0,male,child,509683,1,couple_with_child,21015A101,Schaerbeek,7,StayHome,21015A101,GARE
147,21015A21-,GUIDO GEZELLE (RUE),996826,4,0,male,child,538906,1,couple_with_child,21015A21-,Schaerbeek,7,StayHome,21015A21-,GUIDO GEZELLE (RUE)
148,21001A31-,CHAUSSEE DE MONS - SAINT-LUC,51187,4,0,male,child,28144,4,single_with_child,21001A31-,Anderlecht,7,StayHome,21001A31-,CHAUSSEE DE MONS - SAINT-LUC
149,21015A34-,PAQUERETTES (RUE),876832,4,0,male,child,479708,1,couple_with_child,21015A34-,Schaerbeek,7,StayHome,21015A34-,PAQUERETTES (RUE)
150,21015A35-,JEAN STOBBAERTS (AVENUE),908277,3,1,female,child,495510,1,couple_with_child,21015A35-,Schaerbeek,7,StayHome,21015A35-,JEAN STOBBAERTS (AVENUE)
151,21016A701,MERLO,1032942,3,1,female,child,559587,1,couple_with_child,21016A701,Uccle,7,StayHome,21016A701,MERLO
152,21004E12-,PRINCE LEOPOLD (SQUARE),350463,3,1,female,child,190695,1,couple_with_child,21004E12-,Bruxelles,7,StayHome,21004E12-,PRINCE LEOPOLD (SQUARE)
153,21001A80-,SILLON,47532,5,1,female,child,25945,4,single_with_child,21001A80-,Anderlecht,7,StayHome,21001A80-,SILLON
154,21019A11-,MILLE METRES (AVENUE),1199542,3,1,female,child,652809,1,couple_with_child,21019A11-,Woluwe Saint-Pierre,7,StayHome,21019A11-,MILLE METRES (AVENUE)
155,21015A45-,STEPHENSON (PLACE),968575,4,0,male,child,525550,4,single_with_child,21015A45-,Schaerbeek,7,StayHome,21015A45-,STEPHENSON (PLACE)
156,21016A05-,LE CHAT,1046522,4,1,female,child,567103,1,couple_with_child,21016A05-,Uccle,7,StayHome,21016A05-,LE CHAT
157,21009A43-,FERNAND NEURAY,549195,4,1,female,child,302193,1,couple_with_child,21009A43-,Ixelles,7,StayHome,21009A43-,FERNAND NEURAY
158,21010A03-,MIROIR,600311,4,1,female,child,333453,1,couple_with_child,21010A03-,Jette,7,StayHome,21010A03-,MIROIR
159,21001A931,AGRAFE-NORBERT GILLE,96465,4,0,male,parent,50795,1,couple_with_child,21001A931,Anderlecht,7,StayHome,21001A931,AGRAFE-NORBERT GILLE
160,21012A20-,BAECK,721973,4,1,female,child,395199,1,couple_with_child,21012A20-,Molenbeek Saint-Jean,7,StayHome,21012A20-,BAECK
161,21016A00-,GLOBE-EST,1061062,4,1,female,child,574802,1,couple_with_child,21016A00-,Uccle,7,StayHome,21016A00-,GLOBE-EST
162,21013A422,CRICKX (RUE),784783,5,1,female,child,427959,1,couple_with_child,21013A422,Saint-Gilles,7,StayHome,21013A422,CRICKX (RUE)
163,21015A33-,BIENFAITEURS (PLACE DE),906297,5,0,male,child,494387,4,single_with_child,21015A33-,Schaerbeek,7,StayHome,21015A33-,BIENFAITEURS (PLACE DE)
164,21010A04-,NOTRE-DAME DE LOURDES,596707,4,0,male,child,331649,1,couple_with_child,21010A04-,Jette,7,StayHome,21010A04-,NOTRE-DAME DE LOURDES
165,21001A112,BIESTEBROEK,124830,4,0,male,child,65682,1,couple_with_child,21001A112,Anderlecht,7,StayHome,21001A112,BIESTEBROEK
166,21013A031,AMAZONE (RUE DE),822944,3,1,female,child,450184,4,single_with_child,21013A031,Saint-Gilles,7,StayHome,21013A031,AMAZONE (RUE DE)
167,21001A120,MINIMES,117631,5,1,female,child,62152,4,single_with_child,21001A120,Anderlecht,7,StayHome,21001A120,MINIMES
168,21015A32-,CONSOLATION (RUE DE LA),899412,3,1,female,child,491037,1,couple_with_child,21015A32-,Schaerbeek,7,StayHome,21015A32-,CONSOLATION (RUE DE LA)
169,21005A11-,NOTRE-DAME DU SACRE-COEUR,421138,3,0,male,child,230344,1,couple_with_child,21005A11-,Etterbeek,7,StayHome,21005A11-,NOTRE-DAME DU SACRE-COEUR
170,21018A14-,CHANCELLERIE,1168027,5,1,female,child,635106,1,couple_with_child,21018A14-,Woluwe Saint-Lambert,7,StayHome,21018A14-,CHANCELLERIE
171,21004E70-,MARIE-CHRISTINE (RUE),305845,4,0,male,parent,168439,4,single_with_child,21004E70-,Bruxelles,7,StayHome,21004E70-,MARIE-CHRISTINE (RUE)
172,21018A22-,DE BROQUEVILLE (AVENUE)-SUD,1133305,4,0,male,child,615578,1,couple_with_child,21018A22-,Woluwe Saint-Lambert,7,StayHome,21018A22-,DE BROQUEVILLE (AVENUE)-SUD
173,21015A20-,HELMET,992525,4,1,female,child,536738,4,single_with_child,21015A20-,Schaerbeek,7,StayHome,21015A20-,HELMET
174,21009A612,LIEGEOIS (RUE),584559,5,0,male,child,324555,1,couple_with_child,21009A612,Ixelles,7,StayHome,21009A612,LIEGEOIS (RUE)
175,21007A239,NEPTUNE (AVENUE) I,520301,4,0,male,child,284229,1,couple_with_child,21007A239,Forest,7,StayHome,21007A239,NEPTUNE (AVENUE) I
176,21002A441,CHANT D'OISEAUX,138616,5,1,female,child,73107,1,couple_with_child,21002A441,Auderghem,7,StayHome,21002A441,CHANT D'OISEAUX
177,21001A350,CERIA - ZONE D'HABITAT,31326,3,1,female,child,16991,1,couple_with_child,21001A350,Anderlecht,7,StayHome,21001A350,CERIA - ZONE D'HABITAT
178,21007A61-,MONTENEGRO (RUE),500213,5,1,female,child,273672,1,couple_with_child,21007A61-,Forest,7,StayHome,21007A61-,MONTENEGRO (RUE)
179,21005A21-,PORTE DE TERVUEREN - BRAFFORT,435657,5,1,female,child,239110,1,couple_with_child,21005A21-,Etterbeek,7,StayHome,21005A21-,PORTE DE TERVUEREN - BRAFFORT
180,21007A61-,MONTENEGRO (RUE),502403,4,0,male,child,274483,1,couple_with_child,21007A61-,Forest,7,StayHome,21007A61-,MONTENEGRO (RUE)
181,21004E201,AVENUE JEAN DE BOLOGNE,317416,5,0,male,child,174529,4,single_with_child,21004E201,Bruxelles,7,StayHome,21004E201,AVENUE JEAN DE BOLOGNE
182,21015A70-,P. HYMANS (RUE),873429,3,1,female,child,477912,1,couple_with_child,21015A70-,Schaerbeek,7,StayHome,21015A70-,P. HYMANS (RUE)
183,21013A40-,BARRIERE,817679,3,0,male,child,447065,1,couple_with_child,21013A40-,Saint-Gilles,7,StayHome,21013A40-,BARRIERE
184,21001A90-,SCHEUTKAPEL,70911,5,0,male,child,38313,4,single_with_child,21001A90-,Anderlecht,7,StayHome,21001A90-,SCHEUTKAPEL
185,21001A051,LINDE-EST,66372,3,1,female,child,35942,4,single_with_child,21001A051,Anderlecht,7,StayHome,21001A051,LINDE-EST
186,21009A53-,LONDRES (PLACE DE),580647,4,1,female,child,321883,1,couple_with_child,21009A53-,Ixelles,7,StayHome,21009A53-,LONDRES (PLACE DE)
187,21018A24-,LAMBEAU (AVENUE),1151776,5,1,female,child,625571,1,couple_with_child,21018A24-,Woluwe Saint-Lambert,7,StayHome,21018A24-,LAMBEAU (AVENUE)
188,21004E130,SACRE-COEUR,329718,5,0,male,child,180354,4,single_with_child,21004E130,Bruxelles,7,StayHome,21004E130,SACRE-COEUR
189,21001B21-,BROGNIEZ-NORD,90771,4,0,male,child,48480,1,couple_with_child,21001B21-,Anderlecht,7,StayHome,21001B21-,BROGNIEZ-NORD
190,21016A82-,CHURCHILL,1006341,4,0,male,child,544416,1,couple_with_child,21016A82-,Uccle,7,StayHome,21016A82-,CHURCHILL
191,21004A71-,BLAES (RUE)-CENTRE,268795,4,0,male,child,145977,4,single_with_child,21004A71-,Bruxelles,7,StayHome,21004A71-,BLAES (RUE)-CENTRE
192,21015A20-,HELMET,992628,3,0,male,child,536766,1,couple_with_child,21015A20-,Schaerbeek,7,StayHome,21015A20-,HELMET
193,21005A20-,PORTE DE TERVUEREN - TONGRES,409184,5,1,female,child,223480,1,couple_with_child,21005A20-,Etterbeek,7,StayHome,21005A20-,PORTE DE TERVUEREN - TONGRES
194,21012A60-,LAEKENVELD,708760,4,1,female,parent,387747,4,single_with_child,21012A60-,Molenbeek Saint-Jean,7,StayHome,21012A60-,LAEKENVELD
195,21001B23-,CONSEIL-SUD,63182,4,1,female,child,34233,1,couple_with_child,21001B23-,Anderlecht,7,StayHome,21001B23-,CONSEIL-SUD
196,21016A429,CARLOO,1076929,5,1,female,child,583472,1,couple_with_child,21016A429,Uccle,7,StayHome,21016A429,CARLOO
197,21003A02-,LAURE - BASILIQUE,172102,4,0,male,child,91138,4,single_with_child,21003A02-,Berchem Sainte-Agathe,7,StayHome,21003A02-,LAURE - BASILIQUE
198,21012A71-,PIERS,736972,3,1,female,child,402489,1,couple_with_child,21012A71-,Molenbeek Saint-Jean,7,StayHome,21012A71-,PIERS
199,21011A11-,LEPREUX,650742,5,0,male,child,359271,1,couple_with_child,21011A11-,Koekelberg,7,StayHome,21011A11-,LEPREUX
200,21004D62-,ANVERS (CHAUSSEE D')-NORD,344103,5,0,male,child,187431,1,couple_with_child,21004D62-,Bruxelles,7,StayHome,21004D62-,ANVERS (CHAUSSEE D')-NORD
201,21016A831,LONGCHAMP,1012028,5,0,male,child,547712,4,single_with_child,21016A831,Uccle,7,StayHome,21016A831,LONGCHAMP
202,21004G30-,SAINTE-ELISABETH,203294,4,1,female,child,107685,1,couple_with_child,21004G30-,Bruxelles,7,StayHome,21004G30-,SAINTE-ELISABETH
203,21018A21-,DE BROQUEVILLE (AVENUE)-NORD,1123018,4,1,female,child,609696,1,couple_with_child,21018A21-,Woluwe Saint-Lambert,7,StayHome,21018A21-,DE BROQUEVILLE (AVENUE)-NORD
204,21004E201,AVENUE JEAN DE BOLOGNE,318726,5,0,male,child,175000,1,couple_with_child,21004E201,Bruxelles,7,StayHome,21004E201,AVENUE JEAN DE BOLOGNE
205,21010A13-,CITE-JARDIN,620544,3,0,male,child,344129,1,couple_with_child,21010A13-,Jette,7,StayHome,21010A13-,CITE-JARDIN
206,21012A50-,BENES,733515,4,1,female,child,400850,1,couple_with_child,21012A50-,Molenbeek Saint-Jean,7,StayHome,21012A50-,BENES
207,21004A70-,BLAES (RUE)-SUD,252075,3,0,male,child,135629,1,couple_with_child,21004A70-,Bruxelles,7,StayHome,21004A70-,BLAES (RUE)-SUD
208,21004A83-,E. JACQMAIN (BOULEVARD)-OUEST,228756,3,0,male,child,122765,1,couple_with_child,21004A83-,Bruxelles,7,StayHome,21004A83-,E. JACQMAIN (BOULEVARD)-OUEST
209,21004A03-,BON SECOURS - PALAIS DU MIDI,256388,3,1,female,child,138117,1,couple_with_child,21004A03-,Bruxelles,7,StayHome,21004A03-,BON SECOURS - PALAIS DU MIDI
210,21016A82-,CHURCHILL,1006434,4,0,male,child,544457,1,couple_with_child,21016A82-,Uccle,7,StayHome,21016A82-,CHURCHILL
211,21017A01-,COIN DU BALAI,1104788,3,1,female,child,599166,4,single_with_child,21017A01-,Watermael-Boitsfort,7,StayHome,21017A01-,COIN DU BALAI
212,21011A02-,JACQUET (RUE DE),666907,4,1,female,child,367204,1,couple_with_child,21011A02-,Koekelberg,7,StayHome,21011A02-,JACQUET (RUE DE)
213,21009A44-,PREVOT,559872,5,1,female,child,308770,1,couple_with_child,21009A44-,Ixelles,7,StayHome,21009A44-,PREVOT
214,21019A34-,EUROPE (QUARTIER DE L'),1194841,5,1,female,child,650250,1,couple_with_child,21019A34-,Woluwe Saint-Pierre,7,StayHome,21019A34-,EUROPE (QUARTIER DE L')
215,21019A12-,ESCRIME (AVENUE DE L'),1183733,5,0,male,child,644099,1,couple_with_child,21019A12-,Woluwe Saint-Pierre,7,StayHome,21019A12-,ESCRIME (AVENUE DE L')
216,21019A41-,CITE JOLI-BOIS,1222330,5,1,female,child,665223,1,couple_with_child,21019A41-,Woluwe Saint-Pierre,7,StayHome,21019A41-,CITE JOLI-BOIS
217,21010A111,HEYMBOSCH,607832,3,1,female,child,337542,1,couple_with_child,21010A111,Jette,7,StayHome,21010A111,HEYMBOSCH
218,21004E12-,PRINCE LEOPOLD (SQUARE),352318,4,0,male,child,191303,1,couple_with_child,21004E12-,Bruxelles,7,StayHome,21004E12-,PRINCE LEOPOLD (SQUARE)
219,21019A51-,COLLEGE SAINT-MICHEL,1187358,3,1,female,child,646125,4,single_with_child,21019A51-,Woluwe Saint-Pierre,7,StayHome,21019A51-,COLLEGE SAINT-MICHEL
220,21001A95-,BUFFON,108559,4,0,male,child,57303,1,couple_with_child,21001A95-,Anderlecht,7,StayHome,21001A95-,BUFFON
221,21015A22-,MARBOTIN A. (RUE),984679,3,0,male,child,533283,1,couple_with_child,21015A22-,Schaerbeek,7,StayHome,21015A22-,MARBOTIN A. (RUE)
222,21015A71-,JARDINS,942001,4,1,female,child,512806,1,couple_with_child,21015A71-,Schaerbeek,7,StayHome,21015A71-,JARDINS
223,21010A00-,CENTRE,627382,5,1,female,child,347484,1,couple_with_child,21010A00-,Jette,7,StayHome,21010A00-,CENTRE
224,21015A21-,GUIDO GEZELLE (RUE),995648,4,1,female,child,538501,4,single_with_child,21015A21-,Schaerbeek,7,StayHome,21015A21-,GUIDO GEZELLE (RUE)
225,21012A811,MYRTES-NORD,764543,3,0,male,child,417159,1,couple_with_child,21012A811,Molenbeek Saint-Jean,7,StayHome,21012A811,MYRTES-NORD
226,21012A50-,BENES,734424,3,1,female,parent,400322,1,couple_with_child,21012A50-,Molenbeek Saint-Jean,7,StayHome,21012A50-,BENES
227,21010A04-,NOTRE-DAME DE LOURDES,596601,4,1,female,child,331615,1,couple_with_child,21010A04-,Jette,7,StayHome,21010A04-,NOTRE-DAME DE LOURDES
228,21001A011,KLEINMOLEN,84680,4,1,female,child,45339,1,couple_with_child,21001A011,Anderlecht,7,StayHome,21001A011,KLEINMOLEN
229,21004F9MJ,NEDER-HEEMBEEK-NORD,248629,5,0,male,child,133451,1,couple_with_child,21004F9MJ,Bruxelles,7,StayHome,21004F9MJ,NEDER-HEEMBEEK-NORD
230,21016A64-,MOLENSTEEN,1044065,5,0,male,child,565727,1,couple_with_child,21016A64-,Uccle,7,StayHome,21016A64-,MOLENSTEEN
231,21014A01-,STEURS,845103,4,1,female,child,462503,1,couple_with_child,21014A01-,Saint-Josse-ten-Noode,7,StayHome,21014A01-,STEURS
232,21002A52-,BEAULIEU,162171,4,0,male,child,85961,1,couple_with_child,21002A52-,Auderghem,7,StayHome,21002A52-,BEAULIEU
233,21016A00-,GLOBE-EST,1061289,4,0,male,child,574899,1,couple_with_child,21016A00-,Uccle,7,StayHome,21016A00-,GLOBE-EST
234,21006A25-,GIBET,468644,4,0,male,child,256999,1,couple_with_child,21006A25-,Evere,7,StayHome,21006A25-,GIBET
235,21004A83-,E. JACQMAIN (BOULEVARD)-OUEST,229889,4,0,male,parent,122779,1,couple_with_child,21004A83-,Bruxelles,7,StayHome,21004A83-,E. JACQMAIN (BOULEVARD)-OUEST
236,21011A20-,PLATEAU,656421,4,1,female,child,361866,1,couple_with_child,21011A20-,Koekelberg,7,StayHome,21011A20-,PLATEAU
237,21014A41-,BOSSUET,836674,3,1,female,child,458261,1,couple_with_child,21014A41-,Saint-Josse-ten-Noode,7,StayHome,21014A41-,BOSSUET
238,21004A70-,BLAES (RUE)-SUD,252277,5,1,female,child,135711,1,couple_with_child,21004A70-,Bruxelles,7,StayHome,21004A70-,BLAES (RUE)-SUD
239,21015A40-,BRABANT (RUE DE),952297,4,0,male,child,517656,1,couple_with_child,21015A40-,Schaerbeek,7,StayHome,21015A40-,BRABANT (RUE DE)
240,21009A33-,SAINT-ADRIEN,541291,4,1,female,child,297137,1,couple_with_child,21009A33-,Ixelles,7,StayHome,21009A33-,SAINT-ADRIEN
241,21015A22-,MARBOTIN A. (RUE),985800,4,1,female,child,533670,1,couple_with_child,21015A22-,Schaerbeek,7,StayHome,21015A22-,MARBOTIN A. (RUE)
242,21006A474,COMMUNAUTES,447460,3,0,male,child,245649,1,couple_with_child,21006A474,Evere,7,StayHome,21006A474,COMMUNAUTES
243,21015A44-,REINE (AVENUE),958496,4,1,female,child,520659,1,couple_with_child,21015A44-,Schaerbeek,7,StayHome,21015A44-,REINE (AVENUE)
244,21019A31-,BEMEL,1200638,4,0,male,child,653441,1,couple_with_child,21019A31-,Woluwe Saint-Pierre,7,StayHome,21019A31-,BEMEL
245,21015A64-,DUPLOYE SQUARE,903726,4,1,female,child,492917,1,couple_with_child,21015A64-,Schaerbeek,7,StayHome,21015A64-,DUPLOYE SQUARE
246,21019A32-,CHANT D'OISEAU,1203978,4,1,female,child,655060,1,couple_with_child,21019A32-,Woluwe Saint-Pierre,7,StayHome,21019A32-,CHANT D'OISEAU
247,21012A12-,BIRMINGHAM-SUD,700559,5,0,male,child,384757,4,single_with_child,21012A12-,Molenbeek Saint-Jean,7,StayHome,21012A12-,BIRMINGHAM-SUD
248,21007A50-,BERANGER,494999,5,1,female,child,270892,1,couple_with_child,21007A50-,Forest,7,StayHome,21007A50-,BERANGER
249,21005A10-,GENERAL HENRI (RUE),386031,4,0,male,child,210186,4,single_with_child,21005A10-,Etterbeek,7,StayHome,21005A10-,GENERAL HENRI (RUE)
250,21005A22-,PORTE DE TERVUEREN - L. DE LAN,434916,5,1,female,child,238581,1,couple_with_child,21005A22-,Etterbeek,7,StayHome,21005A22-,PORTE DE TERVUEREN - L. DE LAN
251,21001B17-,ABATTOIR,86714,4,1,female,child,46609,1,couple_with_child,21001B17-,Anderlecht,7,StayHome,21001B17-,ABATTOIR
252,21005A051,RINSDELLE,417065,3,0,male,child,227924,1,couple_with_child,21005A051,Etterbeek,7,StayHome,21005A051,RINSDELLE
253,21005A14-,ARMEE (AVENUE DE L'),398669,5,1,female,child,217322,4,single_with_child,21005A14-,Etterbeek,7,StayHome,21005A14-,ARMEE (AVENUE DE L')
254,21001A95-,BUFFON,108244,3,0,male,child,57211,1,couple_with_child,21001A95-,Anderlecht,7,StayHome,21001A95-,BUFFON
255,21011A00-,VANHUFFEL,669317,3,1,female,child,368265,1,couple_with_child,21011A00-,Koekelberg,7,StayHome,21011A00-,VANHUFFEL
256,21001A041,VEEWEYDE-SUD,2065,3,0,male,child,824,4,single_with_child,21001A041,Anderlecht,7,StayHome,21001A041,VEEWEYDE-SUD
257,21001A152,LINDE-OUEST,120803,3,0,male,child,63775,1,couple_with_child,21001A152,Anderlecht,7,StayHome,21001A152,LINDE-OUEST
258,21001A031,RAUTER-SUD,52481,5,0,male,child,28764,1,couple_with_child,21001A031,Anderlecht,7,StayHome,21001A031,RAUTER-SUD
259,21005A21-,PORTE DE TERVUEREN - BRAFFORT,435611,4,0,male,child,239085,1,couple_with_child,21005A21-,Etterbeek,7,StayHome,21005A21-,PORTE DE TERVUEREN - BRAFFORT
260,21006A23-,DU BONHEUR,453370,3,1,female,child,248822,1,couple_with_child,21006A23-,Evere,7,StayHome,21006A23-,DU BONHEUR
261,21011A02-,JACQUET (RUE DE),667299,4,1,female,child,367318,1,couple_with_child,21011A02-,Koekelberg,7,StayHome,21011A02-,JACQUET (RUE DE)
262,21001A911,SCHEUT-EST,93034,5,1,female,child,49920,1,couple_with_child,21001A911,Anderlecht,7,StayHome,21001A911,SCHEUT-EST
263,21004A21-,ANNEESSENS (PLACE),293878,5,0,male,child,162708,1,couple_with_child,21004A21-,Bruxelles,7,StayHome,21004A21-,ANNEESSENS (PLACE)
264,21016A933,VOSSEGAT-OUEST,1030182,4,0,male,child,557928,1,couple_with_child,21016A933,Uccle,7,StayHome,21016A933,VOSSEGAT-OUEST
265,21015A00-,COLIGNON (PLACE),974619,5,1,female,child,527854,1,couple_with_child,21015A00-,Schaerbeek,7,StayHome,21015A00-,COLIGNON (PLACE)
266,21019A131,KONKEL,1182563,4,1,female,child,643489,1,couple_with_child,21019A131,Woluwe Saint-Pierre,7,StayHome,21019A131,KONKEL
267,21015A021,HOUFFALIZE (PLACE),892980,4,0,male,child,487607,4,single_with_child,21015A021,Schaerbeek,7,StayHome,21015A021,HOUFFALIZE (PLACE)
268,21017A000,CENTRE DE BOITSFORT,1111728,4,1,female,child,603147,1,couple_with_child,21017A000,Watermael-Boitsfort,7,StayHome,21017A000,CENTRE DE BOITSFORT
269,21015A45-,STEPHENSON (PLACE),968410,5,0,male,child,525498,1,couple_with_child,21015A45-,Schaerbeek,7,StayHome,21015A45-,STEPHENSON (PLACE)
270,21006A001,VIEIL EVERE,461420,5,0,male,child,253123,4,single_with_child,21006A001,Evere,7,StayHome,21006A001,VIEIL EVERE
271,21019A052,DON BOSCO,1191813,3,1,female,child,648610,1,couple_with_child,21019A052,Woluwe Saint-Pierre,7,StayHome,21019A052,DON BOSCO
272,21003A0AJ,HUNDERENVELD,169390,5,1,female,child,89803,4,single_with_child,21003A0AJ,Berchem Sainte-Agathe,7,StayHome,21003A0AJ,HUNDERENVELD
273,21009A612,LIEGEOIS (RUE),584617,5,1,female,child,324585,1,couple_with_child,21009A612,Ixelles,7,StayHome,21009A612,LIEGEOIS (RUE)
274,21006A474,COMMUNAUTES,447588,4,0,male,child,245695,1,couple_with_child,21006A474,Evere,7,StayHome,21006A474,COMMUNAUTES
