,Unnamed: 0,SectorStatID,SectorStatName,PersID,Age,GenderID,GenderName,ChildOrParent,HouseholdID,HouseholdTypeID,HouseholdTypeName,Code,Commune,WorkerID,WorkerType
20830,20841,21001A85-,AUBADE,20841,17,0,male,parent,11334,5,colloc,21001A85-,Anderlecht,6,Worker
26717,26732,21001A552,TREFLE,26732,16,1,female,parent,14606,5,colloc,21001A552,Anderlecht,6,Worker
26718,26733,21001A552,TREFLE,26733,16,0,male,parent,14606,5,colloc,21001A552,Anderlecht,6,Worker
26719,26734,21001A552,TREFLE,26734,17,1,female,parent,14606,5,colloc,21001A552,Anderlecht,6,Worker
26720,26735,21001A552,TREFLE,26735,17,1,female,parent,14606,5,colloc,21001A552,Anderlecht,6,Worker
26734,26749,21001A552,TREFLE,26749,17,1,female,parent,14610,5,colloc,21001A552,Anderlecht,6,Worker
26736,26751,21001A552,TREFLE,26751,16,1,female,parent,14610,5,colloc,21001A552,Anderlecht,6,Worker
26737,26752,21001A552,TREFLE,26752,17,1,female,parent,14610,5,colloc,21001A552,Anderlecht,6,Worker
26738,26753,21001A552,TREFLE,26753,17,1,female,parent,14610,5,colloc,21001A552,Anderlecht,6,Worker
26739,26754,21001A552,TREFLE,26754,16,1,female,parent,14610,5,colloc,21001A552,Anderlecht,6,Worker
26740,26755,21001A552,TREFLE,26755,17,1,female,parent,14611,5,colloc,21001A552,Anderlecht,6,Worker
26741,26756,21001A552,TREFLE,26756,17,1,female,parent,14611,5,colloc,21001A552,Anderlecht,6,Worker
26742,26757,21001A552,TREFLE,26757,17,1,female,parent,14611,5,colloc,21001A552,Anderlecht,6,Worker
26743,26758,21001A552,TREFLE,26758,17,1,female,parent,14611,5,colloc,21001A552,Anderlecht,6,Worker
26744,26759,21001A552,TREFLE,26759,16,1,female,parent,14611,5,colloc,21001A552,Anderlecht,6,Worker
30286,30302,21001A34-,ROUE - CITE JARDIN,30302,16,1,female,parent,16373,5,colloc,21001A34-,Anderlecht,6,Worker
30303,30319,21001A34-,ROUE - CITE JARDIN,30319,16,1,female,parent,16377,5,colloc,21001A34-,Anderlecht,6,Worker
30306,30322,21001A34-,ROUE - CITE JARDIN,30322,16,1,female,parent,16377,5,colloc,21001A34-,Anderlecht,6,Worker
30308,30324,21001A34-,ROUE - CITE JARDIN,30324,16,1,female,parent,16377,5,colloc,21001A34-,Anderlecht,6,Worker
30309,30325,21001A34-,ROUE - CITE JARDIN,30325,17,1,female,parent,16377,5,colloc,21001A34-,Anderlecht,6,Worker
31930,31948,21001A350,CERIA - ZONE D'HABITAT,31948,17,0,male,parent,17311,5,colloc,21001A350,Anderlecht,6,Worker
31932,31950,21001A350,CERIA - ZONE D'HABITAT,31950,17,0,male,parent,17311,5,colloc,21001A350,Anderlecht,6,Worker
34167,34186,21001A441,DOCTEUR ROUX,34186,16,1,female,parent,18514,5,colloc,21001A441,Anderlecht,6,Worker
34168,34187,21001A441,DOCTEUR ROUX,34187,16,0,male,parent,18514,5,colloc,21001A441,Anderlecht,6,Worker
34169,34188,21001A441,DOCTEUR ROUX,34188,16,1,female,parent,18514,5,colloc,21001A441,Anderlecht,6,Worker
34172,34191,21001A441,DOCTEUR ROUX,34191,17,1,female,parent,18515,5,colloc,21001A441,Anderlecht,6,Worker
34174,34193,21001A441,DOCTEUR ROUX,34193,17,1,female,parent,18516,5,colloc,21001A441,Anderlecht,6,Worker
34178,34197,21001A441,DOCTEUR ROUX,34197,17,1,female,parent,18516,5,colloc,21001A441,Anderlecht,6,Worker
37446,37469,21001C71-,BON AIR - CITE JARDIN,37469,16,0,male,parent,20428,5,colloc,21001C71-,Anderlecht,6,Worker
37447,37470,21001C71-,BON AIR - CITE JARDIN,37470,16,0,male,parent,20428,5,colloc,21001C71-,Anderlecht,6,Worker
39405,39430,21001A82-,MOORTEBEEK,39430,16,0,male,parent,21554,5,colloc,21001A82-,Anderlecht,6,Worker
39430,39455,21001A82-,MOORTEBEEK,39455,16,0,male,parent,21560,5,colloc,21001A82-,Anderlecht,6,Worker
39433,39458,21001A82-,MOORTEBEEK,39458,17,0,male,parent,21560,5,colloc,21001A82-,Anderlecht,6,Worker
39434,39459,21001A82-,MOORTEBEEK,39459,17,1,female,parent,21560,5,colloc,21001A82-,Anderlecht,6,Worker
40525,40553,21001C522,HOPITAL U.L.B.,40553,16,0,male,parent,22390,5,colloc,21001C522,Anderlecht,6,Worker
40527,40555,21001C522,HOPITAL U.L.B.,40555,16,0,male,parent,22390,5,colloc,21001C522,Anderlecht,6,Worker
40528,40556,21001C522,HOPITAL U.L.B.,40556,16,0,male,parent,22390,5,colloc,21001C522,Anderlecht,6,Worker
44740,44768,21001A30-,BIZET,44768,17,0,male,parent,24356,5,colloc,21001A30-,Anderlecht,6,Worker
44741,44769,21001A30-,BIZET,44769,17,0,male,parent,24356,5,colloc,21001A30-,Anderlecht,6,Worker
50274,50303,21001A81-,BROECK,50303,16,0,male,parent,27642,5,colloc,21001A81-,Anderlecht,6,Worker
50276,50305,21001A81-,BROECK,50305,16,0,male,parent,27642,5,colloc,21001A81-,Anderlecht,6,Worker
50278,50307,21001A81-,BROECK,50307,16,0,male,parent,27642,5,colloc,21001A81-,Anderlecht,6,Worker
51311,51340,21001A31-,CHAUSSEE DE MONS - SAINT-LUC,51340,17,1,female,parent,28248,5,colloc,21001A31-,Anderlecht,6,Worker
51313,51342,21001A31-,CHAUSSEE DE MONS - SAINT-LUC,51342,17,1,female,parent,28248,5,colloc,21001A31-,Anderlecht,6,Worker
51316,51345,21001A31-,CHAUSSEE DE MONS - SAINT-LUC,51345,17,1,female,parent,28248,5,colloc,21001A31-,Anderlecht,6,Worker
53182,53211,21001A031,RAUTER-SUD,53211,16,1,female,parent,29190,5,colloc,21001A031,Anderlecht,6,Worker
53186,53215,21001A031,RAUTER-SUD,53215,17,0,male,parent,29190,5,colloc,21001A031,Anderlecht,6,Worker
53188,53217,21001A031,RAUTER-SUD,53217,16,1,female,parent,29191,5,colloc,21001A031,Anderlecht,6,Worker
53190,53219,21001A031,RAUTER-SUD,53219,16,0,male,parent,29191,5,colloc,21001A031,Anderlecht,6,Worker
53191,53220,21001A031,RAUTER-SUD,53220,16,1,female,parent,29191,5,colloc,21001A031,Anderlecht,6,Worker
56591,56623,21001B321,ALBERT I- QUARTIER,56623,17,0,male,parent,30925,5,colloc,21001B321,Anderlecht,6,Worker
56593,56625,21001B321,ALBERT I- QUARTIER,56625,16,0,male,parent,30925,5,colloc,21001B321,Anderlecht,6,Worker
56594,56626,21001B321,ALBERT I- QUARTIER,56626,16,0,male,parent,30925,5,colloc,21001B321,Anderlecht,6,Worker
56595,56627,21001B321,ALBERT I- QUARTIER,56627,16,0,male,parent,30925,5,colloc,21001B321,Anderlecht,6,Worker
56596,56628,21001B321,ALBERT I- QUARTIER,56628,17,0,male,parent,30925,5,colloc,21001B321,Anderlecht,6,Worker
61766,61801,21001B20-,CONSEIL-NORD,61801,17,1,female,parent,33325,5,colloc,21001B20-,Anderlecht,6,Worker
61767,61802,21001B20-,CONSEIL-NORD,61802,16,0,male,parent,33325,5,colloc,21001B20-,Anderlecht,6,Worker
61768,61803,21001B20-,CONSEIL-NORD,61803,16,1,female,parent,33325,5,colloc,21001B20-,Anderlecht,6,Worker
61770,61805,21001B20-,CONSEIL-NORD,61805,17,1,female,parent,33325,5,colloc,21001B20-,Anderlecht,6,Worker
61771,61806,21001B20-,CONSEIL-NORD,61806,17,1,female,parent,33325,5,colloc,21001B20-,Anderlecht,6,Worker
61773,61808,21001B20-,CONSEIL-NORD,61808,16,0,male,parent,33325,5,colloc,21001B20-,Anderlecht,6,Worker
61876,61911,21001B20-,CONSEIL-NORD,61911,16,0,male,parent,33344,5,colloc,21001B20-,Anderlecht,6,Worker
61878,61913,21001B20-,CONSEIL-NORD,61913,17,0,male,parent,33344,5,colloc,21001B20-,Anderlecht,6,Worker
61880,61915,21001B20-,CONSEIL-NORD,61915,16,0,male,parent,33344,5,colloc,21001B20-,Anderlecht,6,Worker
61881,61916,21001B20-,CONSEIL-NORD,61916,17,0,male,parent,33344,5,colloc,21001B20-,Anderlecht,6,Worker
61910,61945,21001B20-,CONSEIL-NORD,61945,17,0,male,parent,33348,5,colloc,21001B20-,Anderlecht,6,Worker
61912,61947,21001B20-,CONSEIL-NORD,61947,17,0,male,parent,33348,5,colloc,21001B20-,Anderlecht,6,Worker
63939,63976,21001B23-,CONSEIL-SUD,63976,16,0,male,parent,34699,5,colloc,21001B23-,Anderlecht,6,Worker
63940,63977,21001B23-,CONSEIL-SUD,63977,16,0,male,parent,34699,5,colloc,21001B23-,Anderlecht,6,Worker
63941,63978,21001B23-,CONSEIL-SUD,63978,17,0,male,parent,34699,5,colloc,21001B23-,Anderlecht,6,Worker
63945,63982,21001B23-,CONSEIL-SUD,63982,17,0,male,parent,34699,5,colloc,21001B23-,Anderlecht,6,Worker
66819,66858,21001A051,LINDE-EST,66858,16,0,male,parent,36220,5,colloc,21001A051,Anderlecht,6,Worker
66820,66859,21001A051,LINDE-EST,66859,16,0,male,parent,36220,5,colloc,21001A051,Anderlecht,6,Worker
66822,66861,21001A051,LINDE-EST,66861,17,0,male,parent,36220,5,colloc,21001A051,Anderlecht,6,Worker
66850,66889,21001A051,LINDE-EST,66889,17,0,male,parent,36225,5,colloc,21001A051,Anderlecht,6,Worker
66852,66891,21001A051,LINDE-EST,66891,17,0,male,parent,36226,5,colloc,21001A051,Anderlecht,6,Worker
66854,66893,21001A051,LINDE-EST,66893,16,0,male,parent,36226,5,colloc,21001A051,Anderlecht,6,Worker
74026,74068,21001B31-,ALBERT I- IMMEUBLES,74068,17,1,female,parent,40071,5,colloc,21001B31-,Anderlecht,6,Worker
74033,74075,21001B31-,ALBERT I- IMMEUBLES,74075,17,1,female,parent,40072,5,colloc,21001B31-,Anderlecht,6,Worker
77884,77926,21001B25-,REVISION-NORD,77926,17,0,male,parent,41860,5,colloc,21001B25-,Anderlecht,6,Worker
77886,77928,21001B25-,REVISION-NORD,77928,17,0,male,parent,41860,5,colloc,21001B25-,Anderlecht,6,Worker
77887,77929,21001B25-,REVISION-NORD,77929,17,0,male,parent,41860,5,colloc,21001B25-,Anderlecht,6,Worker
78876,78919,21001B11-,ROSEE-OUEST,78919,16,0,male,parent,42530,5,colloc,21001B11-,Anderlecht,6,Worker
78880,78923,21001B11-,ROSEE-OUEST,78923,16,0,male,parent,42531,5,colloc,21001B11-,Anderlecht,6,Worker
78882,78925,21001B11-,ROSEE-OUEST,78925,16,0,male,parent,42531,5,colloc,21001B11-,Anderlecht,6,Worker
78883,78926,21001B11-,ROSEE-OUEST,78926,17,0,male,parent,42531,5,colloc,21001B11-,Anderlecht,6,Worker
78884,78927,21001B11-,ROSEE-OUEST,78927,17,0,male,parent,42531,5,colloc,21001B11-,Anderlecht,6,Worker
78885,78928,21001B11-,ROSEE-OUEST,78928,17,0,male,parent,42531,5,colloc,21001B11-,Anderlecht,6,Worker
85584,85632,21001A011,KLEINMOLEN,85632,17,1,female,parent,46037,5,colloc,21001A011,Anderlecht,6,Worker
85657,85705,21001A011,KLEINMOLEN,85705,17,0,male,parent,46048,5,colloc,21001A011,Anderlecht,6,Worker
85658,85706,21001A011,KLEINMOLEN,85706,17,0,male,parent,46048,5,colloc,21001A011,Anderlecht,6,Worker
91536,91586,21001B21-,BROGNIEZ-NORD,91586,16,0,male,parent,49084,5,colloc,21001B21-,Anderlecht,6,Worker
91542,91592,21001B21-,BROGNIEZ-NORD,91592,17,1,female,parent,49086,5,colloc,21001B21-,Anderlecht,6,Worker
91544,91594,21001B21-,BROGNIEZ-NORD,91594,17,0,male,parent,49086,5,colloc,21001B21-,Anderlecht,6,Worker
91545,91595,21001B21-,BROGNIEZ-NORD,91595,16,0,male,parent,49086,5,colloc,21001B21-,Anderlecht,6,Worker
91546,91596,21001B21-,BROGNIEZ-NORD,91596,17,1,female,parent,49086,5,colloc,21001B21-,Anderlecht,6,Worker
91547,91597,21001B21-,BROGNIEZ-NORD,91597,16,1,female,parent,49086,5,colloc,21001B21-,Anderlecht,6,Worker
91577,91627,21001B21-,BROGNIEZ-NORD,91627,17,1,female,parent,49092,5,colloc,21001B21-,Anderlecht,6,Worker
91578,91628,21001B21-,BROGNIEZ-NORD,91628,17,1,female,parent,49092,5,colloc,21001B21-,Anderlecht,6,Worker
91579,91629,21001B21-,BROGNIEZ-NORD,91629,16,1,female,parent,49092,5,colloc,21001B21-,Anderlecht,6,Worker
98636,98691,21001A74-,SCHEUT-OUEST,98691,16,1,female,parent,52522,5,colloc,21001A74-,Anderlecht,6,Worker
98638,98693,21001A74-,SCHEUT-OUEST,98693,16,1,female,parent,52522,5,colloc,21001A74-,Anderlecht,6,Worker
98639,98694,21001A74-,SCHEUT-OUEST,98694,16,1,female,parent,52522,5,colloc,21001A74-,Anderlecht,6,Worker
105524,105579,21001A00-,RESISTANCE,105579,17,1,female,parent,56000,5,colloc,21001A00-,Anderlecht,6,Worker
105529,105584,21001A00-,RESISTANCE,105584,17,1,female,parent,56001,5,colloc,21001A00-,Anderlecht,6,Worker
105532,105587,21001A00-,RESISTANCE,105587,17,1,female,parent,56001,5,colloc,21001A00-,Anderlecht,6,Worker
105535,105590,21001A00-,RESISTANCE,105590,16,0,male,parent,56001,5,colloc,21001A00-,Anderlecht,6,Worker
105536,105591,21001A00-,RESISTANCE,105591,17,1,female,parent,56001,5,colloc,21001A00-,Anderlecht,6,Worker
105537,105592,21001A00-,RESISTANCE,105592,16,1,female,parent,56001,5,colloc,21001A00-,Anderlecht,6,Worker
105549,105604,21001A00-,RESISTANCE,105604,16,0,male,parent,56004,5,colloc,21001A00-,Anderlecht,6,Worker
111706,111764,21001B10-,ROSEE-EST,111764,17,1,female,parent,58970,5,colloc,21001B10-,Anderlecht,6,Worker
111709,111767,21001B10-,ROSEE-EST,111767,16,0,male,parent,58970,5,colloc,21001B10-,Anderlecht,6,Worker
111710,111768,21001B10-,ROSEE-EST,111768,17,0,male,parent,58970,5,colloc,21001B10-,Anderlecht,6,Worker
111713,111771,21001B10-,ROSEE-EST,111771,17,0,male,parent,58970,5,colloc,21001B10-,Anderlecht,6,Worker
111743,111801,21001B10-,ROSEE-EST,111801,17,0,male,parent,58977,5,colloc,21001B10-,Anderlecht,6,Worker
111744,111802,21001B10-,ROSEE-EST,111802,16,0,male,parent,58977,5,colloc,21001B10-,Anderlecht,6,Worker
119888,119949,21001A120,MINIMES,119949,16,1,female,parent,63226,5,colloc,21001A120,Anderlecht,6,Worker
119889,119950,21001A120,MINIMES,119950,16,1,female,parent,63226,5,colloc,21001A120,Anderlecht,6,Worker
125461,125522,21001A112,BIESTEBROEK,125522,17,1,female,parent,66128,5,colloc,21001A112,Anderlecht,6,Worker
125462,125523,21001A112,BIESTEBROEK,125523,16,0,male,parent,66128,5,colloc,21001A112,Anderlecht,6,Worker
125463,125524,21001A112,BIESTEBROEK,125524,16,1,female,parent,66128,5,colloc,21001A112,Anderlecht,6,Worker
125465,125526,21001A112,BIESTEBROEK,125526,16,1,female,parent,66128,5,colloc,21001A112,Anderlecht,6,Worker
125466,125527,21001A112,BIESTEBROEK,125527,16,1,female,parent,66128,5,colloc,21001A112,Anderlecht,6,Worker
125467,125528,21001A112,BIESTEBROEK,125528,17,1,female,parent,66128,5,colloc,21001A112,Anderlecht,6,Worker
125509,125570,21001A112,BIESTEBROEK,125570,16,0,male,parent,66136,5,colloc,21001A112,Anderlecht,6,Worker
125511,125572,21001A112,BIESTEBROEK,125572,16,0,male,parent,66136,5,colloc,21001A112,Anderlecht,6,Worker
125513,125574,21001A112,BIESTEBROEK,125574,16,0,male,parent,66136,5,colloc,21001A112,Anderlecht,6,Worker
125514,125575,21001A112,BIESTEBROEK,125575,16,0,male,parent,66136,5,colloc,21001A112,Anderlecht,6,Worker
138903,138964,21002A441,CHANT D'OISEAUX,138964,17,1,female,parent,73256,5,colloc,21002A441,Auderghem,6,Worker
143435,143497,21002A30-,TRIOMPHE (BOULEVARD DU),143497,16,1,female,parent,75751,5,colloc,21002A30-,Auderghem,6,Worker
143436,143498,21002A30-,TRIOMPHE (BOULEVARD DU),143498,17,1,female,parent,75751,5,colloc,21002A30-,Auderghem,6,Worker
143437,143499,21002A30-,TRIOMPHE (BOULEVARD DU),143499,17,1,female,parent,75751,5,colloc,21002A30-,Auderghem,6,Worker
143452,143514,21002A30-,TRIOMPHE (BOULEVARD DU),143514,17,0,male,parent,75754,5,colloc,21002A30-,Auderghem,6,Worker
169727,169797,21003A0AJ,HUNDERENVELD,169797,16,1,female,parent,89997,5,colloc,21003A0AJ,Berchem Sainte-Agathe,6,Worker
169728,169798,21003A0AJ,HUNDERENVELD,169798,16,0,male,parent,89997,5,colloc,21003A0AJ,Berchem Sainte-Agathe,6,Worker
169734,169804,21003A0AJ,HUNDERENVELD,169804,16,1,female,parent,89997,5,colloc,21003A0AJ,Berchem Sainte-Agathe,6,Worker
181178,181251,21003A283,ZAVELENBERG,181251,16,1,female,parent,95734,5,colloc,21003A283,Berchem Sainte-Agathe,6,Worker
197537,197616,21004C62-,BOENDAAL-OUEST,197616,16,0,male,parent,104844,5,colloc,21004C62-,Bruxelles,6,Worker
197538,197617,21004C62-,BOENDAAL-OUEST,197617,17,0,male,parent,104844,5,colloc,21004C62-,Bruxelles,6,Worker
197540,197619,21004C62-,BOENDAAL-OUEST,197619,17,0,male,parent,104844,5,colloc,21004C62-,Bruxelles,6,Worker
197968,198047,21004C65-,VIVIER D'OIE,198047,16,0,male,parent,105105,5,colloc,21004C65-,Bruxelles,6,Worker
199683,199763,21004F94-,VAL MARIA,199763,16,0,male,parent,105886,5,colloc,21004F94-,Bruxelles,6,Worker
199684,199764,21004F94-,VAL MARIA,199764,17,1,female,parent,105886,5,colloc,21004F94-,Bruxelles,6,Worker
199686,199766,21004F94-,VAL MARIA,199766,17,1,female,parent,105886,5,colloc,21004F94-,Bruxelles,6,Worker
199688,199768,21004F94-,VAL MARIA,199768,16,1,female,parent,105887,5,colloc,21004F94-,Bruxelles,6,Worker
205113,205196,21004G30-,SAINTE-ELISABETH,205196,17,1,female,parent,108403,5,colloc,21004G30-,Bruxelles,6,Worker
205119,205202,21004G30-,SAINTE-ELISABETH,205202,16,1,female,parent,108404,5,colloc,21004G30-,Bruxelles,6,Worker
205120,205203,21004G30-,SAINTE-ELISABETH,205203,16,0,male,parent,108404,5,colloc,21004G30-,Bruxelles,6,Worker
205123,205206,21004G30-,SAINTE-ELISABETH,205206,16,1,female,parent,108404,5,colloc,21004G30-,Bruxelles,6,Worker
205125,205208,21004G30-,SAINTE-ELISABETH,205208,16,1,female,parent,108404,5,colloc,21004G30-,Bruxelles,6,Worker
205145,205228,21004G30-,SAINTE-ELISABETH,205228,17,1,female,parent,108408,5,colloc,21004G30-,Bruxelles,6,Worker
205146,205229,21004G30-,SAINTE-ELISABETH,205229,16,0,male,parent,108408,5,colloc,21004G30-,Bruxelles,6,Worker
205153,205236,21004G30-,SAINTE-ELISABETH,205236,16,0,male,parent,108410,5,colloc,21004G30-,Bruxelles,6,Worker
207382,207469,21004F930,COIN DES CERISES,207469,16,1,female,parent,109725,5,colloc,21004F930,Bruxelles,6,Worker
207383,207470,21004F930,COIN DES CERISES,207470,17,1,female,parent,109725,5,colloc,21004F930,Bruxelles,6,Worker
207404,207491,21004F930,COIN DES CERISES,207491,17,1,female,parent,109729,5,colloc,21004F930,Bruxelles,6,Worker
207439,207526,21004F930,COIN DES CERISES,207526,16,1,female,parent,109734,5,colloc,21004F930,Bruxelles,6,Worker
207442,207529,21004F930,COIN DES CERISES,207529,16,1,female,parent,109734,5,colloc,21004F930,Bruxelles,6,Worker
229491,229585,21004A83-,E. JACQMAIN (BOULEVARD)-OUEST,229585,16,1,female,parent,123328,5,colloc,21004A83-,Bruxelles,6,Worker
229494,229588,21004A83-,E. JACQMAIN (BOULEVARD)-OUEST,229588,16,1,female,parent,123328,5,colloc,21004A83-,Bruxelles,6,Worker
229495,229589,21004A83-,E. JACQMAIN (BOULEVARD)-OUEST,229589,16,1,female,parent,123328,5,colloc,21004A83-,Bruxelles,6,Worker
229496,229590,21004A83-,E. JACQMAIN (BOULEVARD)-OUEST,229590,16,1,female,parent,123328,5,colloc,21004A83-,Bruxelles,6,Worker
229497,229591,21004A83-,E. JACQMAIN (BOULEVARD)-OUEST,229591,16,1,female,parent,123328,5,colloc,21004A83-,Bruxelles,6,Worker
241416,241513,21004C61-,U.L.B.,241513,16,1,female,parent,129431,5,colloc,21004C61-,Bruxelles,6,Worker
241418,241515,21004C61-,U.L.B.,241515,16,0,male,parent,129431,5,colloc,21004C61-,Bruxelles,6,Worker
241434,241531,21004C61-,U.L.B.,241531,17,1,female,parent,129434,5,colloc,21004C61-,Bruxelles,6,Worker
241450,241547,21004C61-,U.L.B.,241547,17,0,male,parent,129436,5,colloc,21004C61-,Bruxelles,6,Worker
241452,241549,21004C61-,U.L.B.,241549,17,0,male,parent,129436,5,colloc,21004C61-,Bruxelles,6,Worker
241453,241550,21004C61-,U.L.B.,241550,17,0,male,parent,129436,5,colloc,21004C61-,Bruxelles,6,Worker
241454,241551,21004C61-,U.L.B.,241551,16,0,male,parent,129436,5,colloc,21004C61-,Bruxelles,6,Worker
241455,241552,21004C61-,U.L.B.,241552,16,0,male,parent,129436,5,colloc,21004C61-,Bruxelles,6,Worker
247110,247207,21004F953,RUE DU WIMPELBERG,247207,17,1,female,parent,132823,5,colloc,21004F953,Bruxelles,6,Worker
247111,247208,21004F953,RUE DU WIMPELBERG,247208,16,0,male,parent,132823,5,colloc,21004F953,Bruxelles,6,Worker
250225,250323,21004A02-,SAINT-FRANCOIS XAVIER,250323,17,1,female,parent,134567,5,colloc,21004A02-,Bruxelles,6,Worker
250226,250324,21004A02-,SAINT-FRANCOIS XAVIER,250324,16,1,female,parent,134567,5,colloc,21004A02-,Bruxelles,6,Worker
250227,250325,21004A02-,SAINT-FRANCOIS XAVIER,250325,17,1,female,parent,134567,5,colloc,21004A02-,Bruxelles,6,Worker
250228,250326,21004A02-,SAINT-FRANCOIS XAVIER,250326,17,1,female,parent,134567,5,colloc,21004A02-,Bruxelles,6,Worker
254909,255009,21004A70-,BLAES (RUE)-SUD,255009,17,1,female,parent,137216,5,colloc,21004A70-,Bruxelles,6,Worker
254911,255011,21004A70-,BLAES (RUE)-SUD,255011,17,1,female,parent,137216,5,colloc,21004A70-,Bruxelles,6,Worker
254913,255013,21004A70-,BLAES (RUE)-SUD,255013,17,0,male,parent,137216,5,colloc,21004A70-,Bruxelles,6,Worker
254914,255014,21004A70-,BLAES (RUE)-SUD,255014,17,0,male,parent,137216,5,colloc,21004A70-,Bruxelles,6,Worker
254921,255021,21004A70-,BLAES (RUE)-SUD,255021,17,0,male,parent,137218,5,colloc,21004A70-,Bruxelles,6,Worker
254924,255024,21004A70-,BLAES (RUE)-SUD,255024,17,0,male,parent,137218,5,colloc,21004A70-,Bruxelles,6,Worker
254926,255026,21004A70-,BLAES (RUE)-SUD,255026,16,0,male,parent,137218,5,colloc,21004A70-,Bruxelles,6,Worker
254927,255027,21004A70-,BLAES (RUE)-SUD,255027,16,0,male,parent,137218,5,colloc,21004A70-,Bruxelles,6,Worker
254928,255028,21004A70-,BLAES (RUE)-SUD,255028,17,1,female,parent,137218,5,colloc,21004A70-,Bruxelles,6,Worker
254935,255035,21004A70-,BLAES (RUE)-SUD,255035,17,1,female,parent,137220,5,colloc,21004A70-,Bruxelles,6,Worker
254936,255036,21004A70-,BLAES (RUE)-SUD,255036,17,0,male,parent,137220,5,colloc,21004A70-,Bruxelles,6,Worker
254939,255039,21004A70-,BLAES (RUE)-SUD,255039,16,0,male,parent,137220,5,colloc,21004A70-,Bruxelles,6,Worker
254940,255040,21004A70-,BLAES (RUE)-SUD,255040,17,0,male,parent,137220,5,colloc,21004A70-,Bruxelles,6,Worker
254951,255051,21004A70-,BLAES (RUE)-SUD,255051,17,0,male,parent,137222,5,colloc,21004A70-,Bruxelles,6,Worker
254956,255056,21004A70-,BLAES (RUE)-SUD,255056,16,0,male,parent,137224,5,colloc,21004A70-,Bruxelles,6,Worker
254957,255057,21004A70-,BLAES (RUE)-SUD,255057,16,0,male,parent,137224,5,colloc,21004A70-,Bruxelles,6,Worker
254958,255058,21004A70-,BLAES (RUE)-SUD,255058,17,0,male,parent,137224,5,colloc,21004A70-,Bruxelles,6,Worker
255104,255204,21004A70-,BLAES (RUE)-SUD,255204,16,0,male,parent,137248,5,colloc,21004A70-,Bruxelles,6,Worker
255105,255205,21004A70-,BLAES (RUE)-SUD,255205,17,0,male,parent,137248,5,colloc,21004A70-,Bruxelles,6,Worker
255106,255206,21004A70-,BLAES (RUE)-SUD,255206,16,0,male,parent,137248,5,colloc,21004A70-,Bruxelles,6,Worker
255107,255207,21004A70-,BLAES (RUE)-SUD,255207,16,0,male,parent,137248,5,colloc,21004A70-,Bruxelles,6,Worker
260732,260835,21004A23-,NOUVEAU MARCHE AU GRAIN,260835,16,1,female,parent,140955,5,colloc,21004A23-,Bruxelles,6,Worker
260735,260838,21004A23-,NOUVEAU MARCHE AU GRAIN,260838,17,1,female,parent,140956,5,colloc,21004A23-,Bruxelles,6,Worker
260737,260840,21004A23-,NOUVEAU MARCHE AU GRAIN,260840,17,0,male,parent,140956,5,colloc,21004A23-,Bruxelles,6,Worker
260738,260841,21004A23-,NOUVEAU MARCHE AU GRAIN,260841,17,1,female,parent,140956,5,colloc,21004A23-,Bruxelles,6,Worker
260739,260842,21004A23-,NOUVEAU MARCHE AU GRAIN,260842,17,1,female,parent,140956,5,colloc,21004A23-,Bruxelles,6,Worker
268056,268163,21004A72-,SAINT-THOMAS (INSTITUT),268163,16,0,male,parent,145554,5,colloc,21004A72-,Bruxelles,6,Worker
268058,268165,21004A72-,SAINT-THOMAS (INSTITUT),268165,17,0,male,parent,145554,5,colloc,21004A72-,Bruxelles,6,Worker
268059,268166,21004A72-,SAINT-THOMAS (INSTITUT),268166,17,0,male,parent,145554,5,colloc,21004A72-,Bruxelles,6,Worker
268062,268169,21004A72-,SAINT-THOMAS (INSTITUT),268169,16,0,male,parent,145554,5,colloc,21004A72-,Bruxelles,6,Worker
268063,268170,21004A72-,SAINT-THOMAS (INSTITUT),268170,16,0,male,parent,145554,5,colloc,21004A72-,Bruxelles,6,Worker
268064,268171,21004A72-,SAINT-THOMAS (INSTITUT),268171,17,0,male,parent,145555,5,colloc,21004A72-,Bruxelles,6,Worker
268065,268172,21004A72-,SAINT-THOMAS (INSTITUT),268172,16,0,male,parent,145555,5,colloc,21004A72-,Bruxelles,6,Worker
268066,268173,21004A72-,SAINT-THOMAS (INSTITUT),268173,17,0,male,parent,145555,5,colloc,21004A72-,Bruxelles,6,Worker
268067,268174,21004A72-,SAINT-THOMAS (INSTITUT),268174,17,0,male,parent,145555,5,colloc,21004A72-,Bruxelles,6,Worker
273364,273477,21004A04-,NOTRE-DAME DE LA CHAPELLE,273477,17,0,male,parent,149287,5,colloc,21004A04-,Bruxelles,6,Worker
273368,273481,21004A04-,NOTRE-DAME DE LA CHAPELLE,273481,17,0,male,parent,149287,5,colloc,21004A04-,Bruxelles,6,Worker
280852,280968,21004A14-,GRAND SABLON,280968,17,0,male,parent,154329,5,colloc,21004A14-,Bruxelles,6,Worker
280853,280969,21004A14-,GRAND SABLON,280969,17,0,male,parent,154329,5,colloc,21004A14-,Bruxelles,6,Worker
280854,280970,21004A14-,GRAND SABLON,280970,16,1,female,parent,154329,5,colloc,21004A14-,Bruxelles,6,Worker
280855,280971,21004A14-,GRAND SABLON,280971,16,0,male,parent,154329,5,colloc,21004A14-,Bruxelles,6,Worker
291304,291421,21004C53-,LOUISE (AVENUE)-SUD-OUEST,291421,17,1,female,parent,161453,5,colloc,21004C53-,Bruxelles,6,Worker
291317,291434,21004C53-,LOUISE (AVENUE)-SUD-OUEST,291434,17,1,female,parent,161455,5,colloc,21004C53-,Bruxelles,6,Worker
297725,297842,21004A21-,ANNEESSENS (PLACE),297842,17,1,female,parent,164790,5,colloc,21004A21-,Bruxelles,6,Worker
297727,297844,21004A21-,ANNEESSENS (PLACE),297844,16,0,male,parent,164790,5,colloc,21004A21-,Bruxelles,6,Worker
297728,297845,21004A21-,ANNEESSENS (PLACE),297845,17,0,male,parent,164790,5,colloc,21004A21-,Bruxelles,6,Worker
297729,297846,21004A21-,ANNEESSENS (PLACE),297846,16,1,female,parent,164791,5,colloc,21004A21-,Bruxelles,6,Worker
297730,297847,21004A21-,ANNEESSENS (PLACE),297847,16,1,female,parent,164791,5,colloc,21004A21-,Bruxelles,6,Worker
297731,297848,21004A21-,ANNEESSENS (PLACE),297848,16,1,female,parent,164791,5,colloc,21004A21-,Bruxelles,6,Worker
297732,297849,21004A21-,ANNEESSENS (PLACE),297849,17,0,male,parent,164791,5,colloc,21004A21-,Bruxelles,6,Worker
297884,298001,21004A21-,ANNEESSENS (PLACE),298001,17,0,male,parent,164818,5,colloc,21004A21-,Bruxelles,6,Worker
297885,298002,21004A21-,ANNEESSENS (PLACE),298002,16,0,male,parent,164818,5,colloc,21004A21-,Bruxelles,6,Worker
297886,298003,21004A21-,ANNEESSENS (PLACE),298003,16,0,male,parent,164818,5,colloc,21004A21-,Bruxelles,6,Worker
297887,298004,21004A21-,ANNEESSENS (PLACE),298004,17,0,male,parent,164818,5,colloc,21004A21-,Bruxelles,6,Worker
297888,298005,21004A21-,ANNEESSENS (PLACE),298005,17,0,male,parent,164818,5,colloc,21004A21-,Bruxelles,6,Worker
297889,298006,21004A21-,ANNEESSENS (PLACE),298006,17,0,male,parent,164818,5,colloc,21004A21-,Bruxelles,6,Worker
297890,298007,21004A21-,ANNEESSENS (PLACE),298007,16,0,male,parent,164818,5,colloc,21004A21-,Bruxelles,6,Worker
297914,298031,21004A21-,ANNEESSENS (PLACE),298031,16,0,male,parent,164823,5,colloc,21004A21-,Bruxelles,6,Worker
297915,298032,21004A21-,ANNEESSENS (PLACE),298032,17,0,male,parent,164823,5,colloc,21004A21-,Bruxelles,6,Worker
297916,298033,21004A21-,ANNEESSENS (PLACE),298033,17,0,male,parent,164823,5,colloc,21004A21-,Bruxelles,6,Worker
297917,298034,21004A21-,ANNEESSENS (PLACE),298034,17,0,male,parent,164823,5,colloc,21004A21-,Bruxelles,6,Worker
304869,304989,21004E70-,MARIE-CHRISTINE (RUE),304989,16,0,male,parent,168469,5,colloc,21004E70-,Bruxelles,6,Worker
304870,304990,21004E70-,MARIE-CHRISTINE (RUE),304990,17,1,female,parent,168469,5,colloc,21004E70-,Bruxelles,6,Worker
304881,305001,21004E70-,MARIE-CHRISTINE (RUE),305001,16,0,male,parent,168471,5,colloc,21004E70-,Bruxelles,6,Worker
304904,305024,21004E70-,MARIE-CHRISTINE (RUE),305024,16,1,female,parent,168475,5,colloc,21004E70-,Bruxelles,6,Worker
304905,305025,21004E70-,MARIE-CHRISTINE (RUE),305025,17,1,female,parent,168475,5,colloc,21004E70-,Bruxelles,6,Worker
304906,305026,21004E70-,MARIE-CHRISTINE (RUE),305026,16,1,female,parent,168475,5,colloc,21004E70-,Bruxelles,6,Worker
304909,305029,21004E70-,MARIE-CHRISTINE (RUE),305029,16,0,male,parent,168475,5,colloc,21004E70-,Bruxelles,6,Worker
304910,305030,21004E70-,MARIE-CHRISTINE (RUE),305030,16,0,male,parent,168475,5,colloc,21004E70-,Bruxelles,6,Worker
304980,305100,21004E70-,MARIE-CHRISTINE (RUE),305100,16,1,female,parent,168488,5,colloc,21004E70-,Bruxelles,6,Worker
304981,305101,21004E70-,MARIE-CHRISTINE (RUE),305101,16,0,male,parent,168488,5,colloc,21004E70-,Bruxelles,6,Worker
304982,305102,21004E70-,MARIE-CHRISTINE (RUE),305102,17,1,female,parent,168488,5,colloc,21004E70-,Bruxelles,6,Worker
313660,313786,21004E74-,EM. DELVA (RUE),313786,17,0,male,parent,172501,5,colloc,21004E74-,Bruxelles,6,Worker
313661,313787,21004E74-,EM. DELVA (RUE),313787,16,0,male,parent,172501,5,colloc,21004E74-,Bruxelles,6,Worker
313664,313790,21004E74-,EM. DELVA (RUE),313790,17,0,male,parent,172501,5,colloc,21004E74-,Bruxelles,6,Worker
313665,313791,21004E74-,EM. DELVA (RUE),313791,16,0,male,parent,172501,5,colloc,21004E74-,Bruxelles,6,Worker
313666,313792,21004E74-,EM. DELVA (RUE),313792,17,0,male,parent,172501,5,colloc,21004E74-,Bruxelles,6,Worker
329723,329852,21004E130,SACRE-COEUR,329852,17,1,female,parent,180397,5,colloc,21004E130,Bruxelles,6,Worker
334308,334438,21004E73-,EM. BOCKSTAEL (BOULEVARD)-SUD,334438,17,0,male,parent,182682,5,colloc,21004E73-,Bruxelles,6,Worker
334310,334440,21004E73-,EM. BOCKSTAEL (BOULEVARD)-SUD,334440,17,0,male,parent,182682,5,colloc,21004E73-,Bruxelles,6,Worker
334311,334441,21004E73-,EM. BOCKSTAEL (BOULEVARD)-SUD,334441,17,0,male,parent,182682,5,colloc,21004E73-,Bruxelles,6,Worker
334312,334442,21004E73-,EM. BOCKSTAEL (BOULEVARD)-SUD,334442,17,0,male,parent,182682,5,colloc,21004E73-,Bruxelles,6,Worker
334313,334443,21004E73-,EM. BOCKSTAEL (BOULEVARD)-SUD,334443,16,0,male,parent,182682,5,colloc,21004E73-,Bruxelles,6,Worker
340227,340358,21004E72-,MAISON ROUGE (PLACE)-SUD,340358,17,1,female,parent,185412,5,colloc,21004E72-,Bruxelles,6,Worker
340228,340359,21004E72-,MAISON ROUGE (PLACE)-SUD,340359,16,0,male,parent,185412,5,colloc,21004E72-,Bruxelles,6,Worker
340256,340387,21004E72-,MAISON ROUGE (PLACE)-SUD,340387,16,1,female,parent,185417,5,colloc,21004E72-,Bruxelles,6,Worker
340257,340388,21004E72-,MAISON ROUGE (PLACE)-SUD,340388,16,1,female,parent,185417,5,colloc,21004E72-,Bruxelles,6,Worker
340259,340390,21004E72-,MAISON ROUGE (PLACE)-SUD,340390,16,1,female,parent,185417,5,colloc,21004E72-,Bruxelles,6,Worker
340407,340538,21004E72-,MAISON ROUGE (PLACE)-SUD,340538,17,0,male,parent,185443,5,colloc,21004E72-,Bruxelles,6,Worker
340409,340540,21004E72-,MAISON ROUGE (PLACE)-SUD,340540,16,0,male,parent,185443,5,colloc,21004E72-,Bruxelles,6,Worker
340410,340541,21004E72-,MAISON ROUGE (PLACE)-SUD,340541,16,0,male,parent,185443,5,colloc,21004E72-,Bruxelles,6,Worker
340411,340542,21004E72-,MAISON ROUGE (PLACE)-SUD,340542,17,0,male,parent,185443,5,colloc,21004E72-,Bruxelles,6,Worker
340412,340543,21004E72-,MAISON ROUGE (PLACE)-SUD,340543,16,0,male,parent,185443,5,colloc,21004E72-,Bruxelles,6,Worker
340413,340544,21004E72-,MAISON ROUGE (PLACE)-SUD,340544,17,0,male,parent,185443,5,colloc,21004E72-,Bruxelles,6,Worker
340434,340565,21004E72-,MAISON ROUGE (PLACE)-SUD,340565,17,0,male,parent,185447,5,colloc,21004E72-,Bruxelles,6,Worker
340460,340591,21004E72-,MAISON ROUGE (PLACE)-SUD,340591,16,0,male,parent,185451,5,colloc,21004E72-,Bruxelles,6,Worker
340461,340592,21004E72-,MAISON ROUGE (PLACE)-SUD,340592,17,0,male,parent,185451,5,colloc,21004E72-,Bruxelles,6,Worker
340463,340594,21004E72-,MAISON ROUGE (PLACE)-SUD,340594,16,0,male,parent,185451,5,colloc,21004E72-,Bruxelles,6,Worker
340464,340595,21004E72-,MAISON ROUGE (PLACE)-SUD,340595,16,0,male,parent,185451,5,colloc,21004E72-,Bruxelles,6,Worker
346043,346179,21004D62-,ANVERS (CHAUSSEE D')-NORD,346179,17,1,female,parent,188450,5,colloc,21004D62-,Bruxelles,6,Worker
346044,346180,21004D62-,ANVERS (CHAUSSEE D')-NORD,346180,17,1,female,parent,188450,5,colloc,21004D62-,Bruxelles,6,Worker
346045,346181,21004D62-,ANVERS (CHAUSSEE D')-NORD,346181,17,0,male,parent,188450,5,colloc,21004D62-,Bruxelles,6,Worker
346047,346183,21004D62-,ANVERS (CHAUSSEE D')-NORD,346183,16,1,female,parent,188450,5,colloc,21004D62-,Bruxelles,6,Worker
346065,346201,21004D62-,ANVERS (CHAUSSEE D')-NORD,346201,16,1,female,parent,188454,5,colloc,21004D62-,Bruxelles,6,Worker
346067,346203,21004D62-,ANVERS (CHAUSSEE D')-NORD,346203,16,1,female,parent,188454,5,colloc,21004D62-,Bruxelles,6,Worker
346111,346247,21004D62-,ANVERS (CHAUSSEE D')-NORD,346247,16,1,female,parent,188462,5,colloc,21004D62-,Bruxelles,6,Worker
346113,346249,21004D62-,ANVERS (CHAUSSEE D')-NORD,346249,17,0,male,parent,188462,5,colloc,21004D62-,Bruxelles,6,Worker
346114,346250,21004D62-,ANVERS (CHAUSSEE D')-NORD,346250,16,1,female,parent,188462,5,colloc,21004D62-,Bruxelles,6,Worker
346115,346251,21004D62-,ANVERS (CHAUSSEE D')-NORD,346251,17,0,male,parent,188462,5,colloc,21004D62-,Bruxelles,6,Worker
346116,346252,21004D62-,ANVERS (CHAUSSEE D')-NORD,346252,17,1,female,parent,188462,5,colloc,21004D62-,Bruxelles,6,Worker
353113,353251,21004E12-,PRINCE LEOPOLD (SQUARE),353251,17,1,female,parent,191974,5,colloc,21004E12-,Bruxelles,6,Worker
353115,353253,21004E12-,PRINCE LEOPOLD (SQUARE),353253,17,1,female,parent,191974,5,colloc,21004E12-,Bruxelles,6,Worker
353117,353255,21004E12-,PRINCE LEOPOLD (SQUARE),353255,16,0,male,parent,191974,5,colloc,21004E12-,Bruxelles,6,Worker
353118,353256,21004E12-,PRINCE LEOPOLD (SQUARE),353256,16,1,female,parent,191974,5,colloc,21004E12-,Bruxelles,6,Worker
353119,353257,21004E12-,PRINCE LEOPOLD (SQUARE),353257,16,0,male,parent,191974,5,colloc,21004E12-,Bruxelles,6,Worker
353133,353271,21004E12-,PRINCE LEOPOLD (SQUARE),353271,16,0,male,parent,191977,5,colloc,21004E12-,Bruxelles,6,Worker
353134,353272,21004E12-,PRINCE LEOPOLD (SQUARE),353272,17,0,male,parent,191977,5,colloc,21004E12-,Bruxelles,6,Worker
353136,353274,21004E12-,PRINCE LEOPOLD (SQUARE),353274,16,0,male,parent,191977,5,colloc,21004E12-,Bruxelles,6,Worker
353137,353275,21004E12-,PRINCE LEOPOLD (SQUARE),353275,16,1,female,parent,191977,5,colloc,21004E12-,Bruxelles,6,Worker
353139,353277,21004E12-,PRINCE LEOPOLD (SQUARE),353277,17,1,female,parent,191978,5,colloc,21004E12-,Bruxelles,6,Worker
353140,353278,21004E12-,PRINCE LEOPOLD (SQUARE),353278,16,1,female,parent,191978,5,colloc,21004E12-,Bruxelles,6,Worker
353141,353279,21004E12-,PRINCE LEOPOLD (SQUARE),353279,17,0,male,parent,191978,5,colloc,21004E12-,Bruxelles,6,Worker
353142,353280,21004E12-,PRINCE LEOPOLD (SQUARE),353280,17,1,female,parent,191978,5,colloc,21004E12-,Bruxelles,6,Worker
353229,353367,21004E12-,PRINCE LEOPOLD (SQUARE),353367,17,0,male,parent,191992,5,colloc,21004E12-,Bruxelles,6,Worker
353230,353368,21004E12-,PRINCE LEOPOLD (SQUARE),353368,17,0,male,parent,191992,5,colloc,21004E12-,Bruxelles,6,Worker
354775,354921,21004A822,RUE DES COMMERCANTS,354921,16,1,female,parent,193107,5,colloc,21004A822,Bruxelles,6,Worker
356212,356358,21004E800,DIVIN JESUS,356358,16,0,male,parent,193853,5,colloc,21004E800,Bruxelles,6,Worker
359239,359386,21004E101,PARVIS NOTRE DAME,359386,17,0,male,parent,195503,5,colloc,21004E101,Bruxelles,6,Worker
359276,359423,21004E101,PARVIS NOTRE DAME,359423,17,0,male,parent,195509,5,colloc,21004E101,Bruxelles,6,Worker
359277,359424,21004E101,PARVIS NOTRE DAME,359424,17,0,male,parent,195509,5,colloc,21004E101,Bruxelles,6,Worker
362042,362192,21004A811,QUAI DU COMMERCE,362192,16,0,male,parent,197091,5,colloc,21004A811,Bruxelles,6,Worker
362043,362193,21004A811,QUAI DU COMMERCE,362193,16,0,male,parent,197091,5,colloc,21004A811,Bruxelles,6,Worker
362044,362194,21004A811,QUAI DU COMMERCE,362194,16,0,male,parent,197091,5,colloc,21004A811,Bruxelles,6,Worker
362045,362195,21004A811,QUAI DU COMMERCE,362195,17,0,male,parent,197091,5,colloc,21004A811,Bruxelles,6,Worker
362046,362196,21004A811,QUAI DU COMMERCE,362196,16,0,male,parent,197091,5,colloc,21004A811,Bruxelles,6,Worker
362047,362197,21004A811,QUAI DU COMMERCE,362197,17,0,male,parent,197091,5,colloc,21004A811,Bruxelles,6,Worker
363493,363643,21004D672,QUAI DE WILLEBROECK,363643,17,1,female,parent,198056,5,colloc,21004D672,Bruxelles,6,Worker
363494,363644,21004D672,QUAI DE WILLEBROECK,363644,17,1,female,parent,198056,5,colloc,21004D672,Bruxelles,6,Worker
363495,363645,21004D672,QUAI DE WILLEBROECK,363645,17,1,female,parent,198056,5,colloc,21004D672,Bruxelles,6,Worker
363496,363646,21004D672,QUAI DE WILLEBROECK,363646,17,1,female,parent,198056,5,colloc,21004D672,Bruxelles,6,Worker
366274,366424,21004E14-,ECOLE DES CADETS,366424,16,0,male,parent,199239,5,colloc,21004E14-,Bruxelles,6,Worker
369109,369259,21004F522,AVENUE DE VERSAILLES,369259,17,1,female,parent,200846,5,colloc,21004F522,Bruxelles,6,Worker
369119,369269,21004F522,AVENUE DE VERSAILLES,369269,17,1,female,parent,200848,5,colloc,21004F522,Bruxelles,6,Worker
369120,369270,21004F522,AVENUE DE VERSAILLES,369270,17,1,female,parent,200848,5,colloc,21004F522,Bruxelles,6,Worker
369122,369272,21004F522,AVENUE DE VERSAILLES,369272,17,1,female,parent,200848,5,colloc,21004F522,Bruxelles,6,Worker
379230,379389,21004D600,PARVIS SAINT-ROCH,379389,17,0,male,parent,206553,5,colloc,21004D600,Bruxelles,6,Worker
381954,382113,21004D610,ANVERS (CHAUSSEE D')-SUD,382113,17,1,female,parent,207917,5,colloc,21004D610,Bruxelles,6,Worker
381956,382115,21004D610,ANVERS (CHAUSSEE D')-SUD,382115,16,1,female,parent,207917,5,colloc,21004D610,Bruxelles,6,Worker
381969,382128,21004D610,ANVERS (CHAUSSEE D')-SUD,382128,16,1,female,parent,207919,5,colloc,21004D610,Bruxelles,6,Worker
390545,390707,21005A042,PH. BAUCQ (RUE),390707,16,1,female,parent,212749,5,colloc,21005A042,Etterbeek,6,Worker
390546,390708,21005A042,PH. BAUCQ (RUE),390708,16,1,female,parent,212749,5,colloc,21005A042,Etterbeek,6,Worker
393949,394111,21005A02-,CHAMP DU ROI (RUE),394111,16,1,female,parent,214757,5,colloc,21005A02-,Etterbeek,6,Worker
393950,394112,21005A02-,CHAMP DU ROI (RUE),394112,16,0,male,parent,214757,5,colloc,21005A02-,Etterbeek,6,Worker
405804,405967,21005A322,NOUVELLE AVENUE-SUD,405967,17,1,female,parent,221826,5,colloc,21005A322,Etterbeek,6,Worker
426009,426176,21005A00-,HOTEL COMMUNAL,426176,17,0,male,parent,233307,5,colloc,21005A00-,Etterbeek,6,Worker
426010,426177,21005A00-,HOTEL COMMUNAL,426177,16,0,male,parent,233307,5,colloc,21005A00-,Etterbeek,6,Worker
426011,426178,21005A00-,HOTEL COMMUNAL,426178,16,0,male,parent,233307,5,colloc,21005A00-,Etterbeek,6,Worker
433263,433431,21005A12-,SAINT-ANTOINE,433431,16,1,female,parent,237619,5,colloc,21005A12-,Etterbeek,6,Worker
433264,433432,21005A12-,SAINT-ANTOINE,433432,16,1,female,parent,237619,5,colloc,21005A12-,Etterbeek,6,Worker
435730,435898,21005A21-,PORTE DE TERVUEREN - BRAFFORT,435898,17,1,female,parent,239282,5,colloc,21005A21-,Etterbeek,6,Worker
435731,435899,21005A21-,PORTE DE TERVUEREN - BRAFFORT,435899,16,1,female,parent,239282,5,colloc,21005A21-,Etterbeek,6,Worker
435732,435900,21005A21-,PORTE DE TERVUEREN - BRAFFORT,435900,16,1,female,parent,239282,5,colloc,21005A21-,Etterbeek,6,Worker
437508,437676,21006A11-,OASIS - PROVENCE - LANGUEDOC,437676,17,0,male,parent,240323,5,colloc,21006A11-,Evere,6,Worker
437510,437678,21006A11-,OASIS - PROVENCE - LANGUEDOC,437678,17,0,male,parent,240323,5,colloc,21006A11-,Evere,6,Worker
450307,450480,21006A201,HAUT-EVERE,450480,16,1,female,parent,247172,5,colloc,21006A201,Evere,6,Worker
450308,450481,21006A201,HAUT-EVERE,450481,16,1,female,parent,247172,5,colloc,21006A201,Evere,6,Worker
450309,450482,21006A201,HAUT-EVERE,450482,16,1,female,parent,247172,5,colloc,21006A201,Evere,6,Worker
451607,451780,21006A21-,HOME FAMILIAL BRABANT,451780,16,0,male,parent,247885,5,colloc,21006A21-,Evere,6,Worker
451609,451782,21006A21-,HOME FAMILIAL BRABANT,451782,16,0,male,parent,247885,5,colloc,21006A21-,Evere,6,Worker
451611,451784,21006A21-,HOME FAMILIAL BRABANT,451784,16,0,male,parent,247885,5,colloc,21006A21-,Evere,6,Worker
455537,455710,21006A312,J. BORDET (AVENUE DE),455710,16,0,male,parent,250204,5,colloc,21006A312,Evere,6,Worker
463563,463737,21006A001,VIEIL EVERE,463737,17,0,male,parent,254179,5,colloc,21006A001,Evere,6,Worker
463564,463738,21006A001,VIEIL EVERE,463738,17,0,male,parent,254179,5,colloc,21006A001,Evere,6,Worker
463565,463739,21006A001,VIEIL EVERE,463739,17,0,male,parent,254179,5,colloc,21006A001,Evere,6,Worker
469041,469219,21006A25-,GIBET,469219,16,1,female,parent,257309,5,colloc,21006A25-,Evere,6,Worker
469042,469220,21006A25-,GIBET,469220,16,1,female,parent,257309,5,colloc,21006A25-,Evere,6,Worker
469048,469226,21006A25-,GIBET,469226,17,0,male,parent,257310,5,colloc,21006A25-,Evere,6,Worker
469049,469227,21006A25-,GIBET,469227,17,0,male,parent,257310,5,colloc,21006A25-,Evere,6,Worker
469050,469228,21006A25-,GIBET,469228,17,0,male,parent,257310,5,colloc,21006A25-,Evere,6,Worker
469052,469230,21006A25-,GIBET,469230,17,0,male,parent,257310,5,colloc,21006A25-,Evere,6,Worker
482486,482668,21007A252,MESSIDOR II,482668,17,0,male,parent,264150,5,colloc,21007A252,Forest,6,Worker
482489,482671,21007A252,MESSIDOR II,482671,17,0,male,parent,264150,5,colloc,21007A252,Forest,6,Worker
488796,488981,21007A41-,PONT DE LUTTRE-OUEST,488981,17,0,male,parent,267725,5,colloc,21007A41-,Forest,6,Worker
488797,488982,21007A41-,PONT DE LUTTRE-OUEST,488982,17,0,male,parent,267725,5,colloc,21007A41-,Forest,6,Worker
493186,493372,21007A53-,WIELEMANS CEUPPENS,493372,17,1,female,parent,270047,5,colloc,21007A53-,Forest,6,Worker
493187,493373,21007A53-,WIELEMANS CEUPPENS,493373,16,1,female,parent,270047,5,colloc,21007A53-,Forest,6,Worker
493188,493374,21007A53-,WIELEMANS CEUPPENS,493374,16,1,female,parent,270047,5,colloc,21007A53-,Forest,6,Worker
493189,493375,21007A53-,WIELEMANS CEUPPENS,493375,16,1,female,parent,270047,5,colloc,21007A53-,Forest,6,Worker
493190,493376,21007A53-,WIELEMANS CEUPPENS,493376,17,1,female,parent,270047,5,colloc,21007A53-,Forest,6,Worker
493191,493377,21007A53-,WIELEMANS CEUPPENS,493377,17,1,female,parent,270047,5,colloc,21007A53-,Forest,6,Worker
503537,503727,21007A61-,MONTENEGRO (RUE),503727,17,1,female,parent,275303,5,colloc,21007A61-,Forest,6,Worker
503538,503728,21007A61-,MONTENEGRO (RUE),503728,17,0,male,parent,275303,5,colloc,21007A61-,Forest,6,Worker
505441,505633,21007A04-,FOYER FORESTOIS - MADELON,505633,16,0,male,parent,276528,5,colloc,21007A04-,Forest,6,Worker
505442,505634,21007A04-,FOYER FORESTOIS - MADELON,505634,17,0,male,parent,276528,5,colloc,21007A04-,Forest,6,Worker
508820,509012,21007A00-,CENTRE SAINT-DENIS,509012,17,1,female,parent,278235,5,colloc,21007A00-,Forest,6,Worker
508821,509013,21007A00-,CENTRE SAINT-DENIS,509013,17,1,female,parent,278235,5,colloc,21007A00-,Forest,6,Worker
508822,509014,21007A00-,CENTRE SAINT-DENIS,509014,17,1,female,parent,278235,5,colloc,21007A00-,Forest,6,Worker
508825,509017,21007A00-,CENTRE SAINT-DENIS,509017,16,0,male,parent,278235,5,colloc,21007A00-,Forest,6,Worker
508826,509018,21007A00-,CENTRE SAINT-DENIS,509018,17,1,female,parent,278235,5,colloc,21007A00-,Forest,6,Worker
508827,509019,21007A00-,CENTRE SAINT-DENIS,509019,17,1,female,parent,278235,5,colloc,21007A00-,Forest,6,Worker
531085,531279,21009A63-,MACAU,531279,16,1,female,parent,291129,5,colloc,21009A63-,Ixelles,6,Worker
531086,531280,21009A63-,MACAU,531280,16,1,female,parent,291129,5,colloc,21009A63-,Ixelles,6,Worker
531087,531281,21009A63-,MACAU,531281,16,1,female,parent,291129,5,colloc,21009A63-,Ixelles,6,Worker
531590,531785,21009A602,BELVEDERE,531785,16,0,male,parent,291588,5,colloc,21009A602,Ixelles,6,Worker
543430,543626,21009A34-,STADE COMMUNAL,543626,17,1,female,parent,298555,5,colloc,21009A34-,Ixelles,6,Worker
547206,547402,21009A21-,ETE,547402,17,1,female,parent,301220,5,colloc,21009A21-,Ixelles,6,Worker
547209,547405,21009A21-,ETE,547405,17,0,male,parent,301220,5,colloc,21009A21-,Ixelles,6,Worker
547220,547416,21009A21-,ETE,547416,17,1,female,parent,301223,5,colloc,21009A21-,Ixelles,6,Worker
547221,547417,21009A21-,ETE,547417,17,1,female,parent,301223,5,colloc,21009A21-,Ixelles,6,Worker
547390,547586,21009A21-,ETE,547586,16,0,male,parent,301251,5,colloc,21009A21-,Ixelles,6,Worker
547391,547587,21009A21-,ETE,547587,16,0,male,parent,301251,5,colloc,21009A21-,Ixelles,6,Worker
553264,553460,21009A83-,L. ERNOTTE (RUE),553460,17,0,male,parent,304748,5,colloc,21009A83-,Ixelles,6,Worker
558215,558413,21009A2MJ,CAMPUS UNIVERSITAIRE,558413,17,1,female,parent,307948,5,colloc,21009A2MJ,Ixelles,6,Worker
558221,558419,21009A2MJ,CAMPUS UNIVERSITAIRE,558419,17,0,male,parent,307949,5,colloc,21009A2MJ,Ixelles,6,Worker
558225,558423,21009A2MJ,CAMPUS UNIVERSITAIRE,558423,16,1,female,parent,307950,5,colloc,21009A2MJ,Ixelles,6,Worker
558230,558428,21009A2MJ,CAMPUS UNIVERSITAIRE,558428,17,1,female,parent,307950,5,colloc,21009A2MJ,Ixelles,6,Worker
560306,560504,21009A44-,PREVOT,560504,17,1,female,parent,309272,5,colloc,21009A44-,Ixelles,6,Worker
560307,560505,21009A44-,PREVOT,560505,17,1,female,parent,309272,5,colloc,21009A44-,Ixelles,6,Worker
566210,566409,21009A802,BOONDAEL-SUD,566409,17,0,male,parent,313133,5,colloc,21009A802,Ixelles,6,Worker
566211,566410,21009A802,BOONDAEL-SUD,566410,17,0,male,parent,313133,5,colloc,21009A802,Ixelles,6,Worker
587241,587440,21009A922,CASERNE (Ixelles),587440,16,1,female,parent,326662,5,colloc,21009A922,Ixelles,6,Worker
587242,587441,21009A922,CASERNE (Ixelles),587441,17,1,female,parent,326662,5,colloc,21009A922,Ixelles,6,Worker
587243,587442,21009A922,CASERNE (Ixelles),587442,16,0,male,parent,326662,5,colloc,21009A922,Ixelles,6,Worker
597272,597472,21010A04-,NOTRE-DAME DE LOURDES,597472,17,1,female,parent,332186,5,colloc,21010A04-,Jette,6,Worker
597347,597547,21010A04-,NOTRE-DAME DE LOURDES,597547,17,1,female,parent,332200,5,colloc,21010A04-,Jette,6,Worker
597349,597549,21010A04-,NOTRE-DAME DE LOURDES,597549,17,1,female,parent,332200,5,colloc,21010A04-,Jette,6,Worker
609352,609555,21010A312,BAECK DUPRE,609555,17,1,female,parent,338565,5,colloc,21010A312,Jette,6,Worker
609354,609557,21010A312,BAECK DUPRE,609557,16,1,female,parent,338565,5,colloc,21010A312,Jette,6,Worker
609357,609560,21010A312,BAECK DUPRE,609560,17,1,female,parent,338565,5,colloc,21010A312,Jette,6,Worker
618042,618246,21010A05-,ALBERT (QUARTIER),618246,17,0,male,parent,342621,5,colloc,21010A05-,Jette,6,Worker
618211,618415,21010A05-,ALBERT (QUARTIER),618415,17,0,male,parent,342647,5,colloc,21010A05-,Jette,6,Worker
639600,639808,21010A01-,ESSEGHEM,639808,17,1,female,parent,353741,5,colloc,21010A01-,Jette,6,Worker
639601,639809,21010A01-,ESSEGHEM,639809,17,1,female,parent,353741,5,colloc,21010A01-,Jette,6,Worker
639602,639810,21010A01-,ESSEGHEM,639810,17,1,female,parent,353741,5,colloc,21010A01-,Jette,6,Worker
650916,651130,21011A11-,LEPREUX,651130,16,1,female,parent,359528,5,colloc,21011A11-,Koekelberg,6,Worker
657094,657309,21011A20-,PLATEAU,657309,17,1,female,parent,362394,5,colloc,21011A20-,Koekelberg,6,Worker
657096,657311,21011A20-,PLATEAU,657311,16,1,female,parent,362394,5,colloc,21011A20-,Koekelberg,6,Worker
657097,657312,21011A20-,PLATEAU,657312,17,1,female,parent,362394,5,colloc,21011A20-,Koekelberg,6,Worker
657099,657314,21011A20-,PLATEAU,657314,16,1,female,parent,362394,5,colloc,21011A20-,Koekelberg,6,Worker
669510,669729,21011A00-,VANHUFFEL,669729,16,1,female,parent,368512,5,colloc,21011A00-,Koekelberg,6,Worker
669517,669736,21011A00-,VANHUFFEL,669736,17,1,female,parent,368512,5,colloc,21011A00-,Koekelberg,6,Worker
669565,669784,21011A00-,VANHUFFEL,669784,16,0,male,parent,368521,5,colloc,21011A00-,Koekelberg,6,Worker
686708,686928,21012A172,GARE OUEST,686928,17,1,female,parent,377869,5,colloc,21012A172,Molenbeek Saint-Jean,6,Worker
688721,688942,21012A041,QUATRE VENTS,688942,17,1,female,parent,378844,5,colloc,21012A041,Molenbeek Saint-Jean,6,Worker
688726,688947,21012A041,QUATRE VENTS,688947,16,1,female,parent,378844,5,colloc,21012A041,Molenbeek Saint-Jean,6,Worker
688730,688951,21012A041,QUATRE VENTS,688951,16,0,male,parent,378845,5,colloc,21012A041,Molenbeek Saint-Jean,6,Worker
688746,688967,21012A041,QUATRE VENTS,688967,16,0,male,parent,378848,5,colloc,21012A041,Molenbeek Saint-Jean,6,Worker
691328,691550,21012A10-,DUCHESSE DE BRABANT,691550,17,1,female,parent,380099,5,colloc,21012A10-,Molenbeek Saint-Jean,6,Worker
691329,691551,21012A10-,DUCHESSE DE BRABANT,691551,16,1,female,parent,380099,5,colloc,21012A10-,Molenbeek Saint-Jean,6,Worker
693892,694115,21012A00-,CENTRE,694115,17,1,female,parent,381383,5,colloc,21012A00-,Molenbeek Saint-Jean,6,Worker
693894,694117,21012A00-,CENTRE,694117,16,1,female,parent,381383,5,colloc,21012A00-,Molenbeek Saint-Jean,6,Worker
693895,694118,21012A00-,CENTRE,694118,17,0,male,parent,381383,5,colloc,21012A00-,Molenbeek Saint-Jean,6,Worker
693896,694119,21012A00-,CENTRE,694119,16,0,male,parent,381383,5,colloc,21012A00-,Molenbeek Saint-Jean,6,Worker
695317,695542,21012A05-,SAINT-JOSEPH,695542,16,1,female,parent,382191,5,colloc,21012A05-,Molenbeek Saint-Jean,6,Worker
695319,695544,21012A05-,SAINT-JOSEPH,695544,16,0,male,parent,382191,5,colloc,21012A05-,Molenbeek Saint-Jean,6,Worker
695320,695545,21012A05-,SAINT-JOSEPH,695545,16,1,female,parent,382191,5,colloc,21012A05-,Molenbeek Saint-Jean,6,Worker
703295,703524,21012A672,ULENS,703524,17,1,female,parent,386141,5,colloc,21012A672,Molenbeek Saint-Jean,6,Worker
703296,703525,21012A672,ULENS,703525,17,0,male,parent,386141,5,colloc,21012A672,Molenbeek Saint-Jean,6,Worker
703297,703526,21012A672,ULENS,703526,17,1,female,parent,386141,5,colloc,21012A672,Molenbeek Saint-Jean,6,Worker
703298,703527,21012A672,ULENS,703527,17,1,female,parent,386141,5,colloc,21012A672,Molenbeek Saint-Jean,6,Worker
703301,703530,21012A672,ULENS,703530,16,0,male,parent,386141,5,colloc,21012A672,Molenbeek Saint-Jean,6,Worker
708098,708332,21012A60-,LAEKENVELD,708332,17,1,female,parent,388330,5,colloc,21012A60-,Molenbeek Saint-Jean,6,Worker
708099,708333,21012A60-,LAEKENVELD,708333,17,1,female,parent,388330,5,colloc,21012A60-,Molenbeek Saint-Jean,6,Worker
711168,711409,21012A63-,DUBRUCQ-NORD,711409,17,1,female,parent,389931,5,colloc,21012A63-,Molenbeek Saint-Jean,6,Worker
711169,711410,21012A63-,DUBRUCQ-NORD,711410,16,0,male,parent,389931,5,colloc,21012A63-,Molenbeek Saint-Jean,6,Worker
711171,711412,21012A63-,DUBRUCQ-NORD,711412,17,1,female,parent,389931,5,colloc,21012A63-,Molenbeek Saint-Jean,6,Worker
716033,716276,21012A62-,LIBERATEURS,716276,16,0,male,parent,392257,5,colloc,21012A62-,Molenbeek Saint-Jean,6,Worker
716059,716302,21012A62-,LIBERATEURS,716302,17,1,female,parent,392261,5,colloc,21012A62-,Molenbeek Saint-Jean,6,Worker
716060,716303,21012A62-,LIBERATEURS,716303,17,0,male,parent,392261,5,colloc,21012A62-,Molenbeek Saint-Jean,6,Worker
716064,716307,21012A62-,LIBERATEURS,716307,17,0,male,parent,392261,5,colloc,21012A62-,Molenbeek Saint-Jean,6,Worker
719676,719925,21012A511,STEYNS,719925,16,0,male,parent,394157,5,colloc,21012A511,Molenbeek Saint-Jean,6,Worker
719678,719927,21012A511,STEYNS,719927,17,0,male,parent,394157,5,colloc,21012A511,Molenbeek Saint-Jean,6,Worker
719680,719929,21012A511,STEYNS,719929,17,0,male,parent,394157,5,colloc,21012A511,Molenbeek Saint-Jean,6,Worker
719682,719931,21012A511,STEYNS,719931,17,0,male,parent,394157,5,colloc,21012A511,Molenbeek Saint-Jean,6,Worker
719683,719932,21012A511,STEYNS,719932,17,0,male,parent,394157,5,colloc,21012A511,Molenbeek Saint-Jean,6,Worker
724754,725003,21012A72-,LAVALLEE,725003,17,0,male,parent,396644,5,colloc,21012A72-,Molenbeek Saint-Jean,6,Worker
724755,725004,21012A72-,LAVALLEE,725004,17,0,male,parent,396644,5,colloc,21012A72-,Molenbeek Saint-Jean,6,Worker
724756,725005,21012A72-,LAVALLEE,725005,17,0,male,parent,396644,5,colloc,21012A72-,Molenbeek Saint-Jean,6,Worker
724761,725010,21012A72-,LAVALLEE,725010,17,1,female,parent,396645,5,colloc,21012A72-,Molenbeek Saint-Jean,6,Worker
724779,725028,21012A72-,LAVALLEE,725028,16,1,female,parent,396649,5,colloc,21012A72-,Molenbeek Saint-Jean,6,Worker
724780,725029,21012A72-,LAVALLEE,725029,16,0,male,parent,396649,5,colloc,21012A72-,Molenbeek Saint-Jean,6,Worker
724781,725030,21012A72-,LAVALLEE,725030,16,1,female,parent,396649,5,colloc,21012A72-,Molenbeek Saint-Jean,6,Worker
724784,725033,21012A72-,LAVALLEE,725033,16,1,female,parent,396650,5,colloc,21012A72-,Molenbeek Saint-Jean,6,Worker
737579,737831,21012A71-,PIERS,737831,16,1,female,parent,403066,5,colloc,21012A71-,Molenbeek Saint-Jean,6,Worker
737582,737834,21012A71-,PIERS,737834,17,1,female,parent,403067,5,colloc,21012A71-,Molenbeek Saint-Jean,6,Worker
737584,737836,21012A71-,PIERS,737836,17,0,male,parent,403067,5,colloc,21012A71-,Molenbeek Saint-Jean,6,Worker
737601,737853,21012A71-,PIERS,737853,17,1,female,parent,403071,5,colloc,21012A71-,Molenbeek Saint-Jean,6,Worker
737603,737855,21012A71-,PIERS,737855,16,0,male,parent,403071,5,colloc,21012A71-,Molenbeek Saint-Jean,6,Worker
737620,737872,21012A71-,PIERS,737872,16,1,female,parent,403074,5,colloc,21012A71-,Molenbeek Saint-Jean,6,Worker
737631,737883,21012A71-,PIERS,737883,17,1,female,parent,403075,5,colloc,21012A71-,Molenbeek Saint-Jean,6,Worker
737678,737930,21012A71-,PIERS,737930,16,0,male,parent,403084,5,colloc,21012A71-,Molenbeek Saint-Jean,6,Worker
737680,737932,21012A71-,PIERS,737932,17,0,male,parent,403084,5,colloc,21012A71-,Molenbeek Saint-Jean,6,Worker
739944,740201,21012A21-,MARIE-JOSE BLOCS,740201,17,1,female,parent,404534,5,colloc,21012A21-,Molenbeek Saint-Jean,6,Worker
739946,740203,21012A21-,MARIE-JOSE BLOCS,740203,16,1,female,parent,404534,5,colloc,21012A21-,Molenbeek Saint-Jean,6,Worker
739953,740210,21012A21-,MARIE-JOSE BLOCS,740210,17,1,female,parent,404536,5,colloc,21012A21-,Molenbeek Saint-Jean,6,Worker
739958,740215,21012A21-,MARIE-JOSE BLOCS,740215,17,1,female,parent,404536,5,colloc,21012A21-,Molenbeek Saint-Jean,6,Worker
739959,740216,21012A21-,MARIE-JOSE BLOCS,740216,16,1,female,parent,404536,5,colloc,21012A21-,Molenbeek Saint-Jean,6,Worker
739961,740218,21012A21-,MARIE-JOSE BLOCS,740218,16,1,female,parent,404537,5,colloc,21012A21-,Molenbeek Saint-Jean,6,Worker
739962,740219,21012A21-,MARIE-JOSE BLOCS,740219,17,1,female,parent,404537,5,colloc,21012A21-,Molenbeek Saint-Jean,6,Worker
739963,740220,21012A21-,MARIE-JOSE BLOCS,740220,17,1,female,parent,404537,5,colloc,21012A21-,Molenbeek Saint-Jean,6,Worker
739964,740221,21012A21-,MARIE-JOSE BLOCS,740221,16,1,female,parent,404537,5,colloc,21012A21-,Molenbeek Saint-Jean,6,Worker
739965,740222,21012A21-,MARIE-JOSE BLOCS,740222,16,1,female,parent,404537,5,colloc,21012A21-,Molenbeek Saint-Jean,6,Worker
745420,745680,21012A152,ETANGS NOIRS,745680,16,0,male,parent,407197,5,colloc,21012A152,Molenbeek Saint-Jean,6,Worker
745433,745693,21012A152,ETANGS NOIRS,745693,17,1,female,parent,407199,5,colloc,21012A152,Molenbeek Saint-Jean,6,Worker
745434,745694,21012A152,ETANGS NOIRS,745694,17,1,female,parent,407199,5,colloc,21012A152,Molenbeek Saint-Jean,6,Worker
745435,745695,21012A152,ETANGS NOIRS,745695,17,1,female,parent,407199,5,colloc,21012A152,Molenbeek Saint-Jean,6,Worker
745436,745696,21012A152,ETANGS NOIRS,745696,17,0,male,parent,407199,5,colloc,21012A152,Molenbeek Saint-Jean,6,Worker
745440,745700,21012A152,ETANGS NOIRS,745700,17,0,male,parent,407199,5,colloc,21012A152,Molenbeek Saint-Jean,6,Worker
745475,745735,21012A152,ETANGS NOIRS,745735,17,1,female,parent,407207,5,colloc,21012A152,Molenbeek Saint-Jean,6,Worker
745487,745747,21012A152,ETANGS NOIRS,745747,17,1,female,parent,407209,5,colloc,21012A152,Molenbeek Saint-Jean,6,Worker
745493,745753,21012A152,ETANGS NOIRS,745753,17,0,male,parent,407209,5,colloc,21012A152,Molenbeek Saint-Jean,6,Worker
745526,745786,21012A152,ETANGS NOIRS,745786,17,0,male,parent,407215,5,colloc,21012A152,Molenbeek Saint-Jean,6,Worker
745564,745824,21012A152,ETANGS NOIRS,745824,16,0,male,parent,407223,5,colloc,21012A152,Molenbeek Saint-Jean,6,Worker
745565,745825,21012A152,ETANGS NOIRS,745825,16,0,male,parent,407223,5,colloc,21012A152,Molenbeek Saint-Jean,6,Worker
745566,745826,21012A152,ETANGS NOIRS,745826,16,0,male,parent,407223,5,colloc,21012A152,Molenbeek Saint-Jean,6,Worker
756468,756733,21012A23-,MACHTENS-SUD,756733,16,1,female,parent,413178,5,colloc,21012A23-,Molenbeek Saint-Jean,6,Worker
756469,756734,21012A23-,MACHTENS-SUD,756734,17,1,female,parent,413178,5,colloc,21012A23-,Molenbeek Saint-Jean,6,Worker
763192,763460,21012A822,KORENBEEK,763460,16,1,female,parent,416457,5,colloc,21012A822,Molenbeek Saint-Jean,6,Worker
763193,763461,21012A822,KORENBEEK,763461,17,1,female,parent,416457,5,colloc,21012A822,Molenbeek Saint-Jean,6,Worker
763194,763462,21012A822,KORENBEEK,763462,17,1,female,parent,416457,5,colloc,21012A822,Molenbeek Saint-Jean,6,Worker
767176,767445,21012A141,INDEPENDANCE,767445,16,0,male,parent,418563,5,colloc,21012A141,Molenbeek Saint-Jean,6,Worker
767177,767446,21012A141,INDEPENDANCE,767446,17,0,male,parent,418563,5,colloc,21012A141,Molenbeek Saint-Jean,6,Worker
767179,767448,21012A141,INDEPENDANCE,767448,16,0,male,parent,418563,5,colloc,21012A141,Molenbeek Saint-Jean,6,Worker
769030,769302,21012A03-,RANSFORT,769302,17,0,male,parent,419492,5,colloc,21012A03-,Molenbeek Saint-Jean,6,Worker
769033,769305,21012A03-,RANSFORT,769305,16,0,male,parent,419493,5,colloc,21012A03-,Molenbeek Saint-Jean,6,Worker
769034,769306,21012A03-,RANSFORT,769306,16,0,male,parent,419493,5,colloc,21012A03-,Molenbeek Saint-Jean,6,Worker
772939,773218,21012A011,CANAL-SUD,773218,16,1,female,parent,421725,5,colloc,21012A011,Molenbeek Saint-Jean,6,Worker
772940,773219,21012A011,CANAL-SUD,773219,16,0,male,parent,421725,5,colloc,21012A011,Molenbeek Saint-Jean,6,Worker
772942,773221,21012A011,CANAL-SUD,773221,16,0,male,parent,421725,5,colloc,21012A011,Molenbeek Saint-Jean,6,Worker
772944,773223,21012A011,CANAL-SUD,773223,17,1,female,parent,421725,5,colloc,21012A011,Molenbeek Saint-Jean,6,Worker
772946,773225,21012A011,CANAL-SUD,773225,17,1,female,parent,421725,5,colloc,21012A011,Molenbeek Saint-Jean,6,Worker
774305,774586,21012A732,CANAL-NORD,774586,16,0,male,parent,422441,5,colloc,21012A732,Molenbeek Saint-Jean,6,Worker
774317,774598,21012A732,CANAL-NORD,774598,16,1,female,parent,422443,5,colloc,21012A732,Molenbeek Saint-Jean,6,Worker
774318,774599,21012A732,CANAL-NORD,774599,17,1,female,parent,422443,5,colloc,21012A732,Molenbeek Saint-Jean,6,Worker
774319,774600,21012A732,CANAL-NORD,774600,16,1,female,parent,422443,5,colloc,21012A732,Molenbeek Saint-Jean,6,Worker
776276,776557,21013A242,BETHLEEM (PLACE DE),776557,17,0,male,parent,423528,5,colloc,21013A242,Saint-Gilles,6,Worker
781922,782205,21013A13-,DETHY (RUE),782205,17,1,female,parent,426570,5,colloc,21013A13-,Saint-Gilles,6,Worker
781923,782206,21013A13-,DETHY (RUE),782206,16,0,male,parent,426570,5,colloc,21013A13-,Saint-Gilles,6,Worker
781927,782210,21013A13-,DETHY (RUE),782210,16,0,male,parent,426570,5,colloc,21013A13-,Saint-Gilles,6,Worker
782984,783267,21013A121,GUILLAUME TELL-SUD,783267,16,1,female,parent,427188,5,colloc,21013A121,Saint-Gilles,6,Worker
782987,783270,21013A121,GUILLAUME TELL-SUD,783270,16,1,female,parent,427188,5,colloc,21013A121,Saint-Gilles,6,Worker
786128,786411,21013A422,CRICKX (RUE),786411,17,0,male,parent,428861,5,colloc,21013A422,Saint-Gilles,6,Worker
786129,786412,21013A422,CRICKX (RUE),786412,16,0,male,parent,428861,5,colloc,21013A422,Saint-Gilles,6,Worker
786130,786413,21013A422,CRICKX (RUE),786413,16,0,male,parent,428861,5,colloc,21013A422,Saint-Gilles,6,Worker
786131,786414,21013A422,CRICKX (RUE),786414,16,0,male,parent,428861,5,colloc,21013A422,Saint-Gilles,6,Worker
786132,786415,21013A422,CRICKX (RUE),786415,16,0,male,parent,428861,5,colloc,21013A422,Saint-Gilles,6,Worker
795995,796280,21013A201,ANGLETERRE (RUE D'),796280,16,1,female,parent,434406,5,colloc,21013A201,Saint-Gilles,6,Worker
795996,796281,21013A201,ANGLETERRE (RUE D'),796281,17,0,male,parent,434406,5,colloc,21013A201,Saint-Gilles,6,Worker
795997,796282,21013A201,ANGLETERRE (RUE D'),796282,17,0,male,parent,434406,5,colloc,21013A201,Saint-Gilles,6,Worker
798067,798353,21013A252,DANEMARK (RUE DE),798353,17,0,male,parent,435460,5,colloc,21013A252,Saint-Gilles,6,Worker
798068,798354,21013A252,DANEMARK (RUE DE),798354,16,0,male,parent,435460,5,colloc,21013A252,Saint-Gilles,6,Worker
798094,798380,21013A252,DANEMARK (RUE DE),798380,17,1,female,parent,435465,5,colloc,21013A252,Saint-Gilles,6,Worker
798096,798382,21013A252,DANEMARK (RUE DE),798382,16,1,female,parent,435465,5,colloc,21013A252,Saint-Gilles,6,Worker
798097,798383,21013A252,DANEMARK (RUE DE),798383,16,0,male,parent,435465,5,colloc,21013A252,Saint-Gilles,6,Worker
798099,798385,21013A252,DANEMARK (RUE DE),798385,17,0,male,parent,435465,5,colloc,21013A252,Saint-Gilles,6,Worker
798143,798429,21013A252,DANEMARK (RUE DE),798429,16,0,male,parent,435473,5,colloc,21013A252,Saint-Gilles,6,Worker
799670,799956,21013A23-,ROI (AVENUE DU),799956,16,0,male,parent,436245,5,colloc,21013A23-,Saint-Gilles,6,Worker
807417,807705,21013A22-,REGIES,807705,16,1,female,parent,440993,5,colloc,21013A22-,Saint-Gilles,6,Worker
807418,807706,21013A22-,REGIES,807706,16,1,female,parent,440993,5,colloc,21013A22-,Saint-Gilles,6,Worker
810289,810577,21013A211,FONTAINAS,810577,17,0,male,parent,442581,5,colloc,21013A211,Saint-Gilles,6,Worker
810290,810578,21013A211,FONTAINAS,810578,17,0,male,parent,442581,5,colloc,21013A211,Saint-Gilles,6,Worker
810291,810579,21013A211,FONTAINAS,810579,17,0,male,parent,442581,5,colloc,21013A211,Saint-Gilles,6,Worker
810292,810580,21013A211,FONTAINAS,810580,17,0,male,parent,442581,5,colloc,21013A211,Saint-Gilles,6,Worker
810293,810581,21013A211,FONTAINAS,810581,17,0,male,parent,442581,5,colloc,21013A211,Saint-Gilles,6,Worker
813708,813998,21013A151,METAL (RUE DU),813998,16,1,female,parent,444779,5,colloc,21013A151,Saint-Gilles,6,Worker
813709,813999,21013A151,METAL (RUE DU),813999,16,1,female,parent,444779,5,colloc,21013A151,Saint-Gilles,6,Worker
813710,814000,21013A151,METAL (RUE DU),814000,16,1,female,parent,444779,5,colloc,21013A151,Saint-Gilles,6,Worker
818170,818460,21013A40-,BARRIERE,818460,17,0,male,parent,447602,5,colloc,21013A40-,Saint-Gilles,6,Worker
828298,828588,21013A51-,TOISON D'OR (AVENUE),828588,16,1,female,parent,453702,5,colloc,21013A51-,Saint-Gilles,6,Worker
828299,828589,21013A51-,TOISON D'OR (AVENUE),828589,17,1,female,parent,453702,5,colloc,21013A51-,Saint-Gilles,6,Worker
828300,828590,21013A51-,TOISON D'OR (AVENUE),828590,16,1,female,parent,453702,5,colloc,21013A51-,Saint-Gilles,6,Worker
828304,828594,21013A51-,TOISON D'OR (AVENUE),828594,17,1,female,parent,453704,5,colloc,21013A51-,Saint-Gilles,6,Worker
828306,828596,21013A51-,TOISON D'OR (AVENUE),828596,16,0,male,parent,453704,5,colloc,21013A51-,Saint-Gilles,6,Worker
828307,828597,21013A51-,TOISON D'OR (AVENUE),828597,16,1,female,parent,453704,5,colloc,21013A51-,Saint-Gilles,6,Worker
828368,828658,21013A51-,TOISON D'OR (AVENUE),828658,16,1,female,parent,453716,5,colloc,21013A51-,Saint-Gilles,6,Worker
828370,828660,21013A51-,TOISON D'OR (AVENUE),828660,16,1,female,parent,453716,5,colloc,21013A51-,Saint-Gilles,6,Worker
828371,828661,21013A51-,TOISON D'OR (AVENUE),828661,17,0,male,parent,453716,5,colloc,21013A51-,Saint-Gilles,6,Worker
835254,835546,21014A14-,PRAIRIE,835546,16,0,male,parent,457656,5,colloc,21014A14-,Saint-Josse-ten-Noode,6,Worker
835281,835573,21014A14-,PRAIRIE,835573,16,1,female,parent,457662,5,colloc,21014A14-,Saint-Josse-ten-Noode,6,Worker
835283,835575,21014A14-,PRAIRIE,835575,16,1,female,parent,457662,5,colloc,21014A14-,Saint-Josse-ten-Noode,6,Worker
835285,835577,21014A14-,PRAIRIE,835577,17,1,female,parent,457662,5,colloc,21014A14-,Saint-Josse-ten-Noode,6,Worker
835286,835578,21014A14-,PRAIRIE,835578,17,1,female,parent,457662,5,colloc,21014A14-,Saint-Josse-ten-Noode,6,Worker
835287,835579,21014A14-,PRAIRIE,835579,17,1,female,parent,457662,5,colloc,21014A14-,Saint-Josse-ten-Noode,6,Worker
835303,835595,21014A14-,PRAIRIE,835595,16,0,male,parent,457666,5,colloc,21014A14-,Saint-Josse-ten-Noode,6,Worker
835304,835596,21014A14-,PRAIRIE,835596,17,0,male,parent,457666,5,colloc,21014A14-,Saint-Josse-ten-Noode,6,Worker
835306,835598,21014A14-,PRAIRIE,835598,16,0,male,parent,457666,5,colloc,21014A14-,Saint-Josse-ten-Noode,6,Worker
835311,835603,21014A14-,PRAIRIE,835603,16,0,male,parent,457667,5,colloc,21014A14-,Saint-Josse-ten-Noode,6,Worker
839040,839335,21014A41-,BOSSUET,839335,16,0,male,parent,459423,5,colloc,21014A41-,Saint-Josse-ten-Noode,6,Worker
839248,839543,21014A41-,BOSSUET,839543,16,0,male,parent,459460,5,colloc,21014A41-,Saint-Josse-ten-Noode,6,Worker
839249,839544,21014A41-,BOSSUET,839544,16,0,male,parent,459460,5,colloc,21014A41-,Saint-Josse-ten-Noode,6,Worker
839250,839545,21014A41-,BOSSUET,839545,16,0,male,parent,459460,5,colloc,21014A41-,Saint-Josse-ten-Noode,6,Worker
841708,842003,21014A10-,SAINT-FRANCOIS,842003,16,1,female,parent,460755,5,colloc,21014A10-,Saint-Josse-ten-Noode,6,Worker
841710,842005,21014A10-,SAINT-FRANCOIS,842005,16,0,male,parent,460755,5,colloc,21014A10-,Saint-Josse-ten-Noode,6,Worker
845165,845464,21014A01-,STEURS,845464,17,0,male,parent,462705,5,colloc,21014A01-,Saint-Josse-ten-Noode,6,Worker
845166,845465,21014A01-,STEURS,845465,17,0,male,parent,462705,5,colloc,21014A01-,Saint-Josse-ten-Noode,6,Worker
848283,848582,21014A04-,HAECHT (CHAUSSEE DE),848582,16,1,female,parent,464265,5,colloc,21014A04-,Saint-Josse-ten-Noode,6,Worker
848287,848586,21014A04-,HAECHT (CHAUSSEE DE),848586,17,1,female,parent,464266,5,colloc,21014A04-,Saint-Josse-ten-Noode,6,Worker
848289,848588,21014A04-,HAECHT (CHAUSSEE DE),848588,17,0,male,parent,464266,5,colloc,21014A04-,Saint-Josse-ten-Noode,6,Worker
848290,848589,21014A04-,HAECHT (CHAUSSEE DE),848589,17,0,male,parent,464266,5,colloc,21014A04-,Saint-Josse-ten-Noode,6,Worker
848291,848590,21014A04-,HAECHT (CHAUSSEE DE),848590,16,0,male,parent,464266,5,colloc,21014A04-,Saint-Josse-ten-Noode,6,Worker
848293,848592,21014A04-,HAECHT (CHAUSSEE DE),848592,17,1,female,parent,464266,5,colloc,21014A04-,Saint-Josse-ten-Noode,6,Worker
848362,848661,21014A04-,HAECHT (CHAUSSEE DE),848661,16,0,male,parent,464277,5,colloc,21014A04-,Saint-Josse-ten-Noode,6,Worker
848363,848662,21014A04-,HAECHT (CHAUSSEE DE),848662,16,0,male,parent,464277,5,colloc,21014A04-,Saint-Josse-ten-Noode,6,Worker
848364,848663,21014A04-,HAECHT (CHAUSSEE DE),848663,17,0,male,parent,464277,5,colloc,21014A04-,Saint-Josse-ten-Noode,6,Worker
848365,848664,21014A04-,HAECHT (CHAUSSEE DE),848664,17,0,male,parent,464277,5,colloc,21014A04-,Saint-Josse-ten-Noode,6,Worker
848366,848665,21014A04-,HAECHT (CHAUSSEE DE),848665,16,0,male,parent,464277,5,colloc,21014A04-,Saint-Josse-ten-Noode,6,Worker
848373,848672,21014A04-,HAECHT (CHAUSSEE DE),848672,17,0,male,parent,464279,5,colloc,21014A04-,Saint-Josse-ten-Noode,6,Worker
848374,848673,21014A04-,HAECHT (CHAUSSEE DE),848673,17,0,male,parent,464279,5,colloc,21014A04-,Saint-Josse-ten-Noode,6,Worker
848375,848674,21014A04-,HAECHT (CHAUSSEE DE),848674,17,0,male,parent,464279,5,colloc,21014A04-,Saint-Josse-ten-Noode,6,Worker
848376,848675,21014A04-,HAECHT (CHAUSSEE DE),848675,16,0,male,parent,464279,5,colloc,21014A04-,Saint-Josse-ten-Noode,6,Worker
848377,848676,21014A04-,HAECHT (CHAUSSEE DE),848676,16,0,male,parent,464279,5,colloc,21014A04-,Saint-Josse-ten-Noode,6,Worker
848378,848677,21014A04-,HAECHT (CHAUSSEE DE),848677,16,0,male,parent,464279,5,colloc,21014A04-,Saint-Josse-ten-Noode,6,Worker
855944,856245,21014A05-,HOUWAERT,856245,16,1,female,parent,468187,5,colloc,21014A05-,Saint-Josse-ten-Noode,6,Worker
855945,856246,21014A05-,HOUWAERT,856246,16,0,male,parent,468187,5,colloc,21014A05-,Saint-Josse-ten-Noode,6,Worker
855946,856247,21014A05-,HOUWAERT,856247,17,0,male,parent,468187,5,colloc,21014A05-,Saint-Josse-ten-Noode,6,Worker
855995,856296,21014A05-,HOUWAERT,856296,16,1,female,parent,468196,5,colloc,21014A05-,Saint-Josse-ten-Noode,6,Worker
855996,856297,21014A05-,HOUWAERT,856297,16,0,male,parent,468196,5,colloc,21014A05-,Saint-Josse-ten-Noode,6,Worker
856031,856332,21014A05-,HOUWAERT,856332,16,1,female,parent,468203,5,colloc,21014A05-,Saint-Josse-ten-Noode,6,Worker
856032,856333,21014A05-,HOUWAERT,856333,17,0,male,parent,468203,5,colloc,21014A05-,Saint-Josse-ten-Noode,6,Worker
856033,856334,21014A05-,HOUWAERT,856334,16,0,male,parent,468203,5,colloc,21014A05-,Saint-Josse-ten-Noode,6,Worker
856035,856336,21014A05-,HOUWAERT,856336,17,0,male,parent,468203,5,colloc,21014A05-,Saint-Josse-ten-Noode,6,Worker
856036,856337,21014A05-,HOUWAERT,856337,16,0,male,parent,468203,5,colloc,21014A05-,Saint-Josse-ten-Noode,6,Worker
856037,856338,21014A05-,HOUWAERT,856338,17,0,male,parent,468203,5,colloc,21014A05-,Saint-Josse-ten-Noode,6,Worker
856038,856339,21014A05-,HOUWAERT,856339,17,0,male,parent,468203,5,colloc,21014A05-,Saint-Josse-ten-Noode,6,Worker
856227,856528,21014A05-,HOUWAERT,856528,17,0,male,parent,468235,5,colloc,21014A05-,Saint-Josse-ten-Noode,6,Worker
856228,856529,21014A05-,HOUWAERT,856529,17,0,male,parent,468235,5,colloc,21014A05-,Saint-Josse-ten-Noode,6,Worker
856229,856530,21014A05-,HOUWAERT,856530,16,0,male,parent,468235,5,colloc,21014A05-,Saint-Josse-ten-Noode,6,Worker
856230,856531,21014A05-,HOUWAERT,856531,17,0,male,parent,468235,5,colloc,21014A05-,Saint-Josse-ten-Noode,6,Worker
856231,856532,21014A05-,HOUWAERT,856532,17,0,male,parent,468235,5,colloc,21014A05-,Saint-Josse-ten-Noode,6,Worker
856232,856533,21014A05-,HOUWAERT,856533,16,0,male,parent,468235,5,colloc,21014A05-,Saint-Josse-ten-Noode,6,Worker
856233,856534,21014A05-,HOUWAERT,856534,16,0,male,parent,468235,5,colloc,21014A05-,Saint-Josse-ten-Noode,6,Worker
856234,856535,21014A05-,HOUWAERT,856535,16,0,male,parent,468235,5,colloc,21014A05-,Saint-Josse-ten-Noode,6,Worker
856235,856536,21014A05-,HOUWAERT,856536,16,0,male,parent,468235,5,colloc,21014A05-,Saint-Josse-ten-Noode,6,Worker
856291,856592,21014A05-,HOUWAERT,856592,17,0,male,parent,468245,5,colloc,21014A05-,Saint-Josse-ten-Noode,6,Worker
856292,856593,21014A05-,HOUWAERT,856593,16,0,male,parent,468245,5,colloc,21014A05-,Saint-Josse-ten-Noode,6,Worker
856293,856594,21014A05-,HOUWAERT,856594,16,0,male,parent,468245,5,colloc,21014A05-,Saint-Josse-ten-Noode,6,Worker
856294,856595,21014A05-,HOUWAERT,856595,16,0,male,parent,468245,5,colloc,21014A05-,Saint-Josse-ten-Noode,6,Worker
856295,856596,21014A05-,HOUWAERT,856596,17,0,male,parent,468245,5,colloc,21014A05-,Saint-Josse-ten-Noode,6,Worker
864987,865292,21015A77-,R.T.B.,865292,16,1,female,parent,473471,5,colloc,21015A77-,Schaerbeek,6,Worker
864988,865293,21015A77-,R.T.B.,865293,17,0,male,parent,473471,5,colloc,21015A77-,Schaerbeek,6,Worker
865002,865307,21015A77-,R.T.B.,865307,16,1,female,parent,473474,5,colloc,21015A77-,Schaerbeek,6,Worker
865003,865308,21015A77-,R.T.B.,865308,16,0,male,parent,473474,5,colloc,21015A77-,Schaerbeek,6,Worker
865004,865309,21015A77-,R.T.B.,865309,16,0,male,parent,473474,5,colloc,21015A77-,Schaerbeek,6,Worker
865005,865310,21015A77-,R.T.B.,865310,16,0,male,parent,473474,5,colloc,21015A77-,Schaerbeek,6,Worker
867063,867370,21015A782,CIMETIERE DE SAINT-JOSSE,867370,16,1,female,parent,474642,5,colloc,21015A782,Schaerbeek,6,Worker
867065,867372,21015A782,CIMETIERE DE SAINT-JOSSE,867372,16,1,female,parent,474642,5,colloc,21015A782,Schaerbeek,6,Worker
867068,867375,21015A782,CIMETIERE DE SAINT-JOSSE,867375,17,1,female,parent,474642,5,colloc,21015A782,Schaerbeek,6,Worker
869588,869895,21015A31-,PATRIE,869895,17,1,female,parent,475978,5,colloc,21015A31-,Schaerbeek,6,Worker
869589,869896,21015A31-,PATRIE,869896,16,0,male,parent,475978,5,colloc,21015A31-,Schaerbeek,6,Worker
869590,869897,21015A31-,PATRIE,869897,16,0,male,parent,475978,5,colloc,21015A31-,Schaerbeek,6,Worker
871589,871896,21015A36-,CAMBIER (AVENUE E.),871896,16,1,female,parent,477095,5,colloc,21015A36-,Schaerbeek,6,Worker
871591,871898,21015A36-,CAMBIER (AVENUE E.),871898,17,1,female,parent,477095,5,colloc,21015A36-,Schaerbeek,6,Worker
871595,871902,21015A36-,CAMBIER (AVENUE E.),871902,17,1,female,parent,477095,5,colloc,21015A36-,Schaerbeek,6,Worker
871597,871904,21015A36-,CAMBIER (AVENUE E.),871904,17,1,female,parent,477096,5,colloc,21015A36-,Schaerbeek,6,Worker
871599,871906,21015A36-,CAMBIER (AVENUE E.),871906,17,1,female,parent,477096,5,colloc,21015A36-,Schaerbeek,6,Worker
873690,873998,21015A70-,P. HYMANS (RUE),873998,17,1,female,parent,478269,5,colloc,21015A70-,Schaerbeek,6,Worker
873691,873999,21015A70-,P. HYMANS (RUE),873999,17,0,male,parent,478269,5,colloc,21015A70-,Schaerbeek,6,Worker
877044,877352,21015A34-,PAQUERETTES (RUE),877352,17,0,male,parent,480003,5,colloc,21015A34-,Schaerbeek,6,Worker
889985,890294,21015A03-,JOSAPHAT (RUE),890294,17,1,female,parent,486315,5,colloc,21015A03-,Schaerbeek,6,Worker
889987,890296,21015A03-,JOSAPHAT (RUE),890296,17,1,female,parent,486315,5,colloc,21015A03-,Schaerbeek,6,Worker
890062,890371,21015A03-,JOSAPHAT (RUE),890371,16,1,female,parent,486327,5,colloc,21015A03-,Schaerbeek,6,Worker
893763,894073,21015A021,HOUFFALIZE (PLACE),894073,17,1,female,parent,488140,5,colloc,21015A021,Schaerbeek,6,Worker
893837,894147,21015A021,HOUFFALIZE (PLACE),894147,16,0,male,parent,488152,5,colloc,21015A021,Schaerbeek,6,Worker
893838,894148,21015A021,HOUFFALIZE (PLACE),894148,16,0,male,parent,488152,5,colloc,21015A021,Schaerbeek,6,Worker
904008,904321,21015A64-,DUPLOYE SQUARE,904321,16,0,male,parent,493300,5,colloc,21015A64-,Schaerbeek,6,Worker
904010,904323,21015A64-,DUPLOYE SQUARE,904323,16,0,male,parent,493300,5,colloc,21015A64-,Schaerbeek,6,Worker
904011,904324,21015A64-,DUPLOYE SQUARE,904324,16,0,male,parent,493300,5,colloc,21015A64-,Schaerbeek,6,Worker
912840,913156,21015A53-,DAILLY (PLACE),913156,16,0,male,parent,497997,5,colloc,21015A53-,Schaerbeek,6,Worker
912842,913158,21015A53-,DAILLY (PLACE),913158,16,0,male,parent,497997,5,colloc,21015A53-,Schaerbeek,6,Worker
912843,913159,21015A53-,DAILLY (PLACE),913159,16,0,male,parent,497997,5,colloc,21015A53-,Schaerbeek,6,Worker
927325,927642,21015A05-,ROYALE SAINTE-MARIE (RUE),927642,17,1,female,parent,505583,5,colloc,21015A05-,Schaerbeek,6,Worker
927328,927645,21015A05-,ROYALE SAINTE-MARIE (RUE),927645,16,0,male,parent,505583,5,colloc,21015A05-,Schaerbeek,6,Worker
927330,927647,21015A05-,ROYALE SAINTE-MARIE (RUE),927647,16,0,male,parent,505583,5,colloc,21015A05-,Schaerbeek,6,Worker
927342,927659,21015A05-,ROYALE SAINTE-MARIE (RUE),927659,17,1,female,parent,505586,5,colloc,21015A05-,Schaerbeek,6,Worker
927393,927710,21015A05-,ROYALE SAINTE-MARIE (RUE),927710,17,1,female,parent,505593,5,colloc,21015A05-,Schaerbeek,6,Worker
927394,927711,21015A05-,ROYALE SAINTE-MARIE (RUE),927711,16,0,male,parent,505593,5,colloc,21015A05-,Schaerbeek,6,Worker
927395,927712,21015A05-,ROYALE SAINTE-MARIE (RUE),927712,17,1,female,parent,505593,5,colloc,21015A05-,Schaerbeek,6,Worker
927396,927713,21015A05-,ROYALE SAINTE-MARIE (RUE),927713,17,1,female,parent,505593,5,colloc,21015A05-,Schaerbeek,6,Worker
927397,927714,21015A05-,ROYALE SAINTE-MARIE (RUE),927714,16,0,male,parent,505593,5,colloc,21015A05-,Schaerbeek,6,Worker
927411,927728,21015A05-,ROYALE SAINTE-MARIE (RUE),927728,17,0,male,parent,505595,5,colloc,21015A05-,Schaerbeek,6,Worker
927413,927730,21015A05-,ROYALE SAINTE-MARIE (RUE),927730,16,0,male,parent,505595,5,colloc,21015A05-,Schaerbeek,6,Worker
930239,930556,21015A12-,HUART HAMOIR (AVENUE),930556,16,1,female,parent,507162,5,colloc,21015A12-,Schaerbeek,6,Worker
934037,934355,21015A152,PR. ELISABETH-NORD,934355,16,1,female,parent,508903,5,colloc,21015A152,Schaerbeek,6,Worker
934038,934356,21015A152,PR. ELISABETH-NORD,934356,16,1,female,parent,508903,5,colloc,21015A152,Schaerbeek,6,Worker
939235,939559,21015A111,MAETERLINCK,939559,17,0,male,parent,511415,5,colloc,21015A111,Schaerbeek,6,Worker
939237,939561,21015A111,MAETERLINCK,939561,17,0,male,parent,511415,5,colloc,21015A111,Schaerbeek,6,Worker
939238,939562,21015A111,MAETERLINCK,939562,17,0,male,parent,511415,5,colloc,21015A111,Schaerbeek,6,Worker
939662,939987,21015A142,SAINTE-FAMILLE,939987,16,1,female,parent,511697,5,colloc,21015A142,Schaerbeek,6,Worker
939666,939991,21015A142,SAINTE-FAMILLE,939991,16,1,female,parent,511697,5,colloc,21015A142,Schaerbeek,6,Worker
939667,939992,21015A142,SAINTE-FAMILLE,939992,17,1,female,parent,511697,5,colloc,21015A142,Schaerbeek,6,Worker
946806,947131,21015A04-,L'OLIVIER (RUE),947131,16,1,female,parent,514975,5,colloc,21015A04-,Schaerbeek,6,Worker
946811,947136,21015A04-,L'OLIVIER (RUE),947136,16,1,female,parent,514975,5,colloc,21015A04-,Schaerbeek,6,Worker
946930,947255,21015A04-,L'OLIVIER (RUE),947255,16,0,male,parent,514994,5,colloc,21015A04-,Schaerbeek,6,Worker
953128,953455,21015A40-,BRABANT (RUE DE),953455,16,0,male,parent,518341,5,colloc,21015A40-,Schaerbeek,6,Worker
953129,953456,21015A40-,BRABANT (RUE DE),953456,16,0,male,parent,518341,5,colloc,21015A40-,Schaerbeek,6,Worker
953131,953458,21015A40-,BRABANT (RUE DE),953458,17,0,male,parent,518341,5,colloc,21015A40-,Schaerbeek,6,Worker
953142,953469,21015A40-,BRABANT (RUE DE),953469,17,0,male,parent,518343,5,colloc,21015A40-,Schaerbeek,6,Worker
953158,953485,21015A40-,BRABANT (RUE DE),953485,17,0,male,parent,518346,5,colloc,21015A40-,Schaerbeek,6,Worker
958706,959037,21015A44-,REINE (AVENUE),959037,16,0,male,parent,521009,5,colloc,21015A44-,Schaerbeek,6,Worker
958707,959038,21015A44-,REINE (AVENUE),959038,16,0,male,parent,521009,5,colloc,21015A44-,Schaerbeek,6,Worker
958708,959039,21015A44-,REINE (AVENUE),959039,16,0,male,parent,521009,5,colloc,21015A44-,Schaerbeek,6,Worker
958712,959043,21015A44-,REINE (AVENUE),959043,16,0,male,parent,521009,5,colloc,21015A44-,Schaerbeek,6,Worker
958723,959054,21015A44-,REINE (AVENUE),959054,16,0,male,parent,521011,5,colloc,21015A44-,Schaerbeek,6,Worker
958724,959055,21015A44-,REINE (AVENUE),959055,17,0,male,parent,521011,5,colloc,21015A44-,Schaerbeek,6,Worker
958725,959056,21015A44-,REINE (AVENUE),959056,16,0,male,parent,521011,5,colloc,21015A44-,Schaerbeek,6,Worker
958726,959057,21015A44-,REINE (AVENUE),959057,17,0,male,parent,521011,5,colloc,21015A44-,Schaerbeek,6,Worker
962184,962515,21015A41-,VANDERLINDEN (RUE),962515,17,0,male,parent,522650,5,colloc,21015A41-,Schaerbeek,6,Worker
962240,962571,21015A41-,VANDERLINDEN (RUE),962571,16,0,male,parent,522660,5,colloc,21015A41-,Schaerbeek,6,Worker
962242,962573,21015A41-,VANDERLINDEN (RUE),962573,16,0,male,parent,522660,5,colloc,21015A41-,Schaerbeek,6,Worker
962243,962574,21015A41-,VANDERLINDEN (RUE),962574,17,0,male,parent,522660,5,colloc,21015A41-,Schaerbeek,6,Worker
975403,975737,21015A00-,COLIGNON (PLACE),975737,16,1,female,parent,528654,5,colloc,21015A00-,Schaerbeek,6,Worker
975404,975738,21015A00-,COLIGNON (PLACE),975738,16,0,male,parent,528654,5,colloc,21015A00-,Schaerbeek,6,Worker
975405,975739,21015A00-,COLIGNON (PLACE),975739,16,0,male,parent,528654,5,colloc,21015A00-,Schaerbeek,6,Worker
975406,975740,21015A00-,COLIGNON (PLACE),975740,17,0,male,parent,528654,5,colloc,21015A00-,Schaerbeek,6,Worker
975407,975741,21015A00-,COLIGNON (PLACE),975741,16,0,male,parent,528654,5,colloc,21015A00-,Schaerbeek,6,Worker
975408,975742,21015A00-,COLIGNON (PLACE),975742,16,1,female,parent,528654,5,colloc,21015A00-,Schaerbeek,6,Worker
975410,975744,21015A00-,COLIGNON (PLACE),975744,16,0,male,parent,528654,5,colloc,21015A00-,Schaerbeek,6,Worker
975411,975745,21015A00-,COLIGNON (PLACE),975745,16,0,male,parent,528654,5,colloc,21015A00-,Schaerbeek,6,Worker
975566,975900,21015A00-,COLIGNON (PLACE),975900,17,0,male,parent,528677,5,colloc,21015A00-,Schaerbeek,6,Worker
975568,975902,21015A00-,COLIGNON (PLACE),975902,17,0,male,parent,528677,5,colloc,21015A00-,Schaerbeek,6,Worker
975570,975904,21015A00-,COLIGNON (PLACE),975904,16,0,male,parent,528677,5,colloc,21015A00-,Schaerbeek,6,Worker
975665,975999,21015A00-,COLIGNON (PLACE),975999,17,0,male,parent,528692,5,colloc,21015A00-,Schaerbeek,6,Worker
975666,976000,21015A00-,COLIGNON (PLACE),976000,16,0,male,parent,528692,5,colloc,21015A00-,Schaerbeek,6,Worker
975667,976001,21015A00-,COLIGNON (PLACE),976001,17,0,male,parent,528692,5,colloc,21015A00-,Schaerbeek,6,Worker
975668,976002,21015A00-,COLIGNON (PLACE),976002,17,0,male,parent,528692,5,colloc,21015A00-,Schaerbeek,6,Worker
975669,976003,21015A00-,COLIGNON (PLACE),976003,17,0,male,parent,528692,5,colloc,21015A00-,Schaerbeek,6,Worker
975670,976004,21015A00-,COLIGNON (PLACE),976004,17,0,male,parent,528692,5,colloc,21015A00-,Schaerbeek,6,Worker
980216,980557,21015A24-,WAELHEM (RUE),980557,16,0,male,parent,531186,5,colloc,21015A24-,Schaerbeek,6,Worker
980217,980558,21015A24-,WAELHEM (RUE),980558,16,0,male,parent,531186,5,colloc,21015A24-,Schaerbeek,6,Worker
982659,983004,21015A13-,PORTAELS (RUE),983004,16,1,female,parent,532421,5,colloc,21015A13-,Schaerbeek,6,Worker
982660,983005,21015A13-,PORTAELS (RUE),983005,16,0,male,parent,532421,5,colloc,21015A13-,Schaerbeek,6,Worker
982700,983045,21015A13-,PORTAELS (RUE),983045,16,1,female,parent,532428,5,colloc,21015A13-,Schaerbeek,6,Worker
982701,983046,21015A13-,PORTAELS (RUE),983046,16,0,male,parent,532428,5,colloc,21015A13-,Schaerbeek,6,Worker
982702,983047,21015A13-,PORTAELS (RUE),983047,17,0,male,parent,532428,5,colloc,21015A13-,Schaerbeek,6,Worker
982703,983048,21015A13-,PORTAELS (RUE),983048,17,0,male,parent,532428,5,colloc,21015A13-,Schaerbeek,6,Worker
986170,986517,21015A22-,MARBOTIN A. (RUE),986517,16,1,female,parent,534057,5,colloc,21015A22-,Schaerbeek,6,Worker
986177,986524,21015A22-,MARBOTIN A. (RUE),986524,16,0,male,parent,534057,5,colloc,21015A22-,Schaerbeek,6,Worker
986179,986526,21015A22-,MARBOTIN A. (RUE),986526,16,1,female,parent,534058,5,colloc,21015A22-,Schaerbeek,6,Worker
986180,986527,21015A22-,MARBOTIN A. (RUE),986527,16,1,female,parent,534058,5,colloc,21015A22-,Schaerbeek,6,Worker
994227,994575,21015A20-,HELMET,994575,16,0,male,parent,537725,5,colloc,21015A20-,Schaerbeek,6,Worker
994229,994577,21015A20-,HELMET,994577,16,0,male,parent,537725,5,colloc,21015A20-,Schaerbeek,6,Worker
994230,994578,21015A20-,HELMET,994578,16,0,male,parent,537725,5,colloc,21015A20-,Schaerbeek,6,Worker
994231,994579,21015A20-,HELMET,994579,16,0,male,parent,537725,5,colloc,21015A20-,Schaerbeek,6,Worker
996785,997133,21015A21-,GUIDO GEZELLE (RUE),997133,17,1,female,parent,539139,5,colloc,21015A21-,Schaerbeek,6,Worker
996787,997135,21015A21-,GUIDO GEZELLE (RUE),997135,17,1,female,parent,539139,5,colloc,21015A21-,Schaerbeek,6,Worker
996788,997136,21015A21-,GUIDO GEZELLE (RUE),997136,17,1,female,parent,539139,5,colloc,21015A21-,Schaerbeek,6,Worker
996789,997137,21015A21-,GUIDO GEZELLE (RUE),997137,17,1,female,parent,539139,5,colloc,21015A21-,Schaerbeek,6,Worker
999097,999448,21016A901,CENTRE-OUEST,999448,17,1,female,parent,540427,5,colloc,21016A901,Uccle,6,Worker
1014000,1014351,21016A111,VERT CHASSEUR,1014351,17,0,male,parent,548995,5,colloc,21016A111,Uccle,6,Worker
1014005,1014356,21016A111,VERT CHASSEUR,1014356,17,0,male,parent,548996,5,colloc,21016A111,Uccle,6,Worker
1014009,1014360,21016A111,VERT CHASSEUR,1014360,17,0,male,parent,548996,5,colloc,21016A111,Uccle,6,Worker
1038094,1038452,21016A331,CHAUSSEE DE WATERLOO-OUEST,1038452,16,1,female,parent,562700,5,colloc,21016A331,Uccle,6,Worker
1038095,1038453,21016A331,CHAUSSEE DE WATERLOO-OUEST,1038453,17,1,female,parent,562700,5,colloc,21016A331,Uccle,6,Worker
1038101,1038459,21016A331,CHAUSSEE DE WATERLOO-OUEST,1038459,17,0,male,parent,562701,5,colloc,21016A331,Uccle,6,Worker
1049175,1049533,21016A533,MOENSBERG,1049533,17,0,male,parent,568802,5,colloc,21016A533,Uccle,6,Worker
1065211,1065573,21016A102,GROESELENBERG,1065573,17,1,female,parent,577124,5,colloc,21016A102,Uccle,6,Worker
1065212,1065574,21016A102,GROESELENBERG,1065574,17,0,male,parent,577124,5,colloc,21016A102,Uccle,6,Worker
1067726,1068088,21016A12-,HAMOIR,1068088,16,1,female,parent,578592,5,colloc,21016A12-,Uccle,6,Worker
1067728,1068090,21016A12-,HAMOIR,1068090,16,1,female,parent,578592,5,colloc,21016A12-,Uccle,6,Worker
1067729,1068091,21016A12-,HAMOIR,1068091,16,1,female,parent,578592,5,colloc,21016A12-,Uccle,6,Worker
1075058,1075420,21016A400,SAINT-JOB,1075420,16,0,male,parent,582675,5,colloc,21016A400,Uccle,6,Worker
1075059,1075421,21016A400,SAINT-JOB,1075421,16,0,male,parent,582675,5,colloc,21016A400,Uccle,6,Worker
1075060,1075422,21016A400,SAINT-JOB,1075422,16,0,male,parent,582675,5,colloc,21016A400,Uccle,6,Worker
1081064,1081427,21016A639,HOMBORCH,1081427,17,0,male,parent,585910,5,colloc,21016A639,Uccle,6,Worker
1081067,1081430,21016A639,HOMBORCH,1081430,17,0,male,parent,585910,5,colloc,21016A639,Uccle,6,Worker
1081105,1081468,21016A639,HOMBORCH,1081468,16,0,male,parent,585916,5,colloc,21016A639,Uccle,6,Worker
1081107,1081470,21016A639,HOMBORCH,1081470,16,0,male,parent,585916,5,colloc,21016A639,Uccle,6,Worker
1081108,1081471,21016A639,HOMBORCH,1081471,16,0,male,parent,585916,5,colloc,21016A639,Uccle,6,Worker
1081110,1081473,21016A639,HOMBORCH,1081473,16,0,male,parent,585917,5,colloc,21016A639,Uccle,6,Worker
1081112,1081475,21016A639,HOMBORCH,1081475,16,0,male,parent,585917,5,colloc,21016A639,Uccle,6,Worker
1081113,1081476,21016A639,HOMBORCH,1081476,17,0,male,parent,585917,5,colloc,21016A639,Uccle,6,Worker
1081114,1081477,21016A639,HOMBORCH,1081477,16,0,male,parent,585917,5,colloc,21016A639,Uccle,6,Worker
1081115,1081478,21016A639,HOMBORCH,1081478,17,0,male,parent,585917,5,colloc,21016A639,Uccle,6,Worker
1089758,1090127,21017A541,LOUTRIER - WIENER,1090127,16,1,female,parent,590647,5,colloc,21017A541,Watermael-Boitsfort,6,Worker
1090246,1090615,21017A635,PRINCES BRABANCONS,1090615,17,1,female,parent,590962,5,colloc,21017A635,Watermael-Boitsfort,6,Worker
1090247,1090616,21017A635,PRINCES BRABANCONS,1090616,17,1,female,parent,590962,5,colloc,21017A635,Watermael-Boitsfort,6,Worker
1090249,1090618,21017A635,PRINCES BRABANCONS,1090618,16,0,male,parent,590962,5,colloc,21017A635,Watermael-Boitsfort,6,Worker
1090251,1090620,21017A635,PRINCES BRABANCONS,1090620,16,1,female,parent,590962,5,colloc,21017A635,Watermael-Boitsfort,6,Worker
1090252,1090621,21017A635,PRINCES BRABANCONS,1090621,16,1,female,parent,590963,5,colloc,21017A635,Watermael-Boitsfort,6,Worker
1090255,1090624,21017A635,PRINCES BRABANCONS,1090624,16,1,female,parent,590963,5,colloc,21017A635,Watermael-Boitsfort,6,Worker
1090256,1090625,21017A635,PRINCES BRABANCONS,1090625,17,0,male,parent,590963,5,colloc,21017A635,Watermael-Boitsfort,6,Worker
1090257,1090626,21017A635,PRINCES BRABANCONS,1090626,16,0,male,parent,590963,5,colloc,21017A635,Watermael-Boitsfort,6,Worker
1092854,1093223,21017A240,SOUVERAIN-OUEST,1093223,16,0,male,parent,592372,5,colloc,21017A240,Watermael-Boitsfort,6,Worker
1092857,1093226,21017A240,SOUVERAIN-OUEST,1093226,16,0,male,parent,592372,5,colloc,21017A240,Watermael-Boitsfort,6,Worker
1092860,1093229,21017A240,SOUVERAIN-OUEST,1093229,16,0,male,parent,592372,5,colloc,21017A240,Watermael-Boitsfort,6,Worker
1092861,1093230,21017A240,SOUVERAIN-OUEST,1093230,17,0,male,parent,592372,5,colloc,21017A240,Watermael-Boitsfort,6,Worker
1107150,1107522,21017A12-,LE LOGIS-NORD,1107522,17,0,male,parent,600686,5,colloc,21017A12-,Watermael-Boitsfort,6,Worker
1107151,1107523,21017A12-,LE LOGIS-NORD,1107523,16,0,male,parent,600686,5,colloc,21017A12-,Watermael-Boitsfort,6,Worker
1110582,1110957,21017A212,AVENUE DE LA TENDERIE,1110957,17,1,female,parent,602722,5,colloc,21017A212,Watermael-Boitsfort,6,Worker
1123858,1124235,21018A21-,DE BROQUEVILLE (AVENUE)-NORD,1124235,17,1,female,parent,610445,5,colloc,21018A21-,Woluwe Saint-Lambert,6,Worker
1123859,1124236,21018A21-,DE BROQUEVILLE (AVENUE)-NORD,1124236,17,1,female,parent,610445,5,colloc,21018A21-,Woluwe Saint-Lambert,6,Worker
1123860,1124237,21018A21-,DE BROQUEVILLE (AVENUE)-NORD,1124237,17,1,female,parent,610445,5,colloc,21018A21-,Woluwe Saint-Lambert,6,Worker
1125077,1125454,21018A35-,HOF TEN BERG-NORD,1125454,17,0,male,parent,611076,5,colloc,21018A35-,Woluwe Saint-Lambert,6,Worker
1125083,1125460,21018A35-,HOF TEN BERG-NORD,1125460,16,0,male,parent,611076,5,colloc,21018A35-,Woluwe Saint-Lambert,6,Worker
1125084,1125461,21018A35-,HOF TEN BERG-NORD,1125461,17,0,male,parent,611076,5,colloc,21018A35-,Woluwe Saint-Lambert,6,Worker
1126803,1127181,21018A32-,CLOS DES PEUPLIERS,1127181,17,1,female,parent,611941,5,colloc,21018A32-,Woluwe Saint-Lambert,6,Worker
1126807,1127185,21018A32-,CLOS DES PEUPLIERS,1127185,16,0,male,parent,611941,5,colloc,21018A32-,Woluwe Saint-Lambert,6,Worker
1139493,1139873,21018A04-,BEETEPUT,1139873,17,0,male,parent,619127,5,colloc,21018A04-,Woluwe Saint-Lambert,6,Worker
1141249,1141630,21018A37-,COMMUNAUTES,1141630,17,1,female,parent,620148,5,colloc,21018A37-,Woluwe Saint-Lambert,6,Worker
1156777,1157161,21018A643,DEUX MAISONS,1157161,17,1,female,parent,628619,5,colloc,21018A643,Woluwe Saint-Lambert,6,Worker
1156795,1157179,21018A643,DEUX MAISONS,1157179,17,0,male,parent,628622,5,colloc,21018A643,Woluwe Saint-Lambert,6,Worker
1156798,1157182,21018A643,DEUX MAISONS,1157182,17,0,male,parent,628622,5,colloc,21018A643,Woluwe Saint-Lambert,6,Worker
1157484,1157868,21018A60-,ROODEBEEK PARC,1157868,17,1,female,parent,629129,5,colloc,21018A60-,Woluwe Saint-Lambert,6,Worker
1157486,1157870,21018A60-,ROODEBEEK PARC,1157870,16,1,female,parent,629129,5,colloc,21018A60-,Woluwe Saint-Lambert,6,Worker
1158229,1158614,21018A81-,KAPELLEVELD-SUD,1158614,17,0,male,parent,629614,5,colloc,21018A81-,Woluwe Saint-Lambert,6,Worker
1159140,1159525,21018A84-,KAPELLEVELD-NORD-EST,1159525,16,0,male,parent,630182,5,colloc,21018A84-,Woluwe Saint-Lambert,6,Worker
1162297,1162682,21018A43-,ROODEBEEK,1162682,17,1,female,parent,631937,5,colloc,21018A43-,Woluwe Saint-Lambert,6,Worker
1162298,1162683,21018A43-,ROODEBEEK,1162683,17,1,female,parent,631937,5,colloc,21018A43-,Woluwe Saint-Lambert,6,Worker
1166435,1166820,21018A01-,SAINT-LAMBERT,1166820,17,1,female,parent,634461,5,colloc,21018A01-,Woluwe Saint-Lambert,6,Worker
1166465,1166850,21018A01-,SAINT-LAMBERT,1166850,16,1,female,parent,634467,5,colloc,21018A01-,Woluwe Saint-Lambert,6,Worker
1166466,1166851,21018A01-,SAINT-LAMBERT,1166851,16,0,male,parent,634467,5,colloc,21018A01-,Woluwe Saint-Lambert,6,Worker
1166467,1166852,21018A01-,SAINT-LAMBERT,1166852,16,0,male,parent,634467,5,colloc,21018A01-,Woluwe Saint-Lambert,6,Worker
1166468,1166853,21018A01-,SAINT-LAMBERT,1166853,16,0,male,parent,634467,5,colloc,21018A01-,Woluwe Saint-Lambert,6,Worker
1168480,1168866,21018A13-,GROOTVELD,1168866,17,1,female,parent,635618,5,colloc,21018A13-,Woluwe Saint-Lambert,6,Worker
1168482,1168868,21018A13-,GROOTVELD,1168868,17,0,male,parent,635618,5,colloc,21018A13-,Woluwe Saint-Lambert,6,Worker
1168484,1168870,21018A13-,GROOTVELD,1168870,16,0,male,parent,635618,5,colloc,21018A13-,Woluwe Saint-Lambert,6,Worker
1172800,1173190,21018A87-,SAINT-LUC,1173190,16,1,female,parent,638431,5,colloc,21018A87-,Woluwe Saint-Lambert,6,Worker
1172802,1173192,21018A87-,SAINT-LUC,1173192,17,1,female,parent,638431,5,colloc,21018A87-,Woluwe Saint-Lambert,6,Worker
1172820,1173210,21018A87-,SAINT-LUC,1173210,17,0,male,parent,638434,5,colloc,21018A87-,Woluwe Saint-Lambert,6,Worker
1180648,1181038,21019A252,MONTGOLFIER,1181038,16,1,female,parent,642705,5,colloc,21019A252,Woluwe Saint-Pierre,6,Worker
1183435,1183827,21019A12-,ESCRIME (AVENUE DE L'),1183827,16,0,male,parent,644155,5,colloc,21019A12-,Woluwe Saint-Pierre,6,Worker
1184353,1184745,21019A45-,HELICE (AVENUE DE L'),1184745,17,0,male,parent,644640,5,colloc,21019A45-,Woluwe Saint-Pierre,6,Worker
1187738,1188130,21019A51-,COLLEGE SAINT-MICHEL,1188130,17,1,female,parent,646565,5,colloc,21019A51-,Woluwe Saint-Pierre,6,Worker
1187739,1188131,21019A51-,COLLEGE SAINT-MICHEL,1188131,17,1,female,parent,646565,5,colloc,21019A51-,Woluwe Saint-Pierre,6,Worker
1200998,1201392,21019A31-,BEMEL,1201392,16,1,female,parent,653815,5,colloc,21019A31-,Woluwe Saint-Pierre,6,Worker
1200999,1201393,21019A31-,BEMEL,1201393,16,1,female,parent,653815,5,colloc,21019A31-,Woluwe Saint-Pierre,6,Worker
1218472,1218870,21019A15-,KAPELLEVELD,1218870,16,0,male,parent,663082,5,colloc,21019A15-,Woluwe Saint-Pierre,6,Worker
1218476,1218874,21019A15-,KAPELLEVELD,1218874,17,1,female,parent,663082,5,colloc,21019A15-,Woluwe Saint-Pierre,6,Worker
1220655,1221053,21019A22-,PUTDAAL,1221053,17,1,female,parent,664453,5,colloc,21019A22-,Woluwe Saint-Pierre,6,Worker
1220658,1221056,21019A22-,PUTDAAL,1221056,16,0,male,parent,664453,5,colloc,21019A22-,Woluwe Saint-Pierre,6,Worker
1220664,1221062,21019A22-,PUTDAAL,1221062,17,1,female,parent,664454,5,colloc,21019A22-,Woluwe Saint-Pierre,6,Worker
