,SectorStatID,SectorStatName,PersID,Age,GenderID,GenderName,ChildOrParent,HouseholdID,HouseholdTypeID,HouseHorldTypeName
0,21001A472,STADE COMMUNAL - INDUSTRIE,0,104,1,female,parent,0,2,couple_no_child
1,21001A472,STADE COMMUNAL - INDUSTRIE,1,89,0,male,parent,0,2,couple_no_child
2,21001A472,STADE COMMUNAL - INDUSTRIE,2,104,1,female,parent,1,3,single
3,21001A472,STADE COMMUNAL - INDUSTRIE,3,103,1,female,parent,2,2,couple_no_child
4,21001A472,STADE COMMUNAL - INDUSTRIE,4,88,0,male,parent,2,2,couple_no_child
5,21001A472,STADE COMMUNAL - INDUSTRIE,5,103,1,female,parent,3,3,single
6,21001A472,STADE COMMUNAL - INDUSTRIE,6,102,1,female,parent,4,2,couple_no_child
7,21001A472,STADE COMMUNAL - INDUSTRIE,7,87,0,male,parent,4,2,couple_no_child
8,21001A472,STADE COMMUNAL - INDUSTRIE,8,102,1,female,parent,5,3,single
9,21001A472,STADE COMMUNAL - INDUSTRIE,9,101,1,female,parent,6,2,couple_no_child
10,21001A472,STADE COMMUNAL - INDUSTRIE,10,86,0,male,parent,6,2,couple_no_child
11,21001A472,STADE COMMUNAL - INDUSTRIE,11,101,1,female,parent,7,3,single
12,21001A472,STADE COMMUNAL - INDUSTRIE,12,100,1,female,parent,8,2,couple_no_child
13,21001A472,STADE COMMUNAL - INDUSTRIE,13,85,0,male,parent,8,2,couple_no_child
14,21001A472,STADE COMMUNAL - INDUSTRIE,14,100,1,female,parent,9,3,single
15,21001A472,STADE COMMUNAL - INDUSTRIE,15,99,1,female,parent,10,2,couple_no_child
16,21001A472,STADE COMMUNAL - INDUSTRIE,16,84,0,male,parent,10,2,couple_no_child
17,21001A472,STADE COMMUNAL - INDUSTRIE,17,99,1,female,parent,11,3,single
18,21001A472,STADE COMMUNAL - INDUSTRIE,18,98,1,female,parent,12,2,couple_no_child
19,21001A472,STADE COMMUNAL - INDUSTRIE,19,83,0,male,parent,12,2,couple_no_child
20,21001A472,STADE COMMUNAL - INDUSTRIE,20,98,1,female,parent,13,3,single
21,21001A472,STADE COMMUNAL - INDUSTRIE,21,97,1,female,parent,14,2,couple_no_child
22,21001A472,STADE COMMUNAL - INDUSTRIE,22,82,0,male,parent,14,2,couple_no_child
23,21001A472,STADE COMMUNAL - INDUSTRIE,23,97,1,female,parent,15,3,single
24,21001A472,STADE COMMUNAL - INDUSTRIE,24,96,1,female,parent,16,2,couple_no_child
25,21001A472,STADE COMMUNAL - INDUSTRIE,25,81,0,male,parent,16,2,couple_no_child
26,21001A472,STADE COMMUNAL - INDUSTRIE,26,96,1,female,parent,17,3,single
27,21001A472,STADE COMMUNAL - INDUSTRIE,27,95,1,female,parent,18,2,couple_no_child
28,21001A472,STADE COMMUNAL - INDUSTRIE,28,80,0,male,parent,18,2,couple_no_child
29,21001A472,STADE COMMUNAL - INDUSTRIE,29,95,1,female,parent,19,3,single
30,21001A472,STADE COMMUNAL - INDUSTRIE,30,94,1,female,parent,20,2,couple_no_child
31,21001A472,STADE COMMUNAL - INDUSTRIE,31,79,0,male,parent,20,2,couple_no_child
32,21001A472,STADE COMMUNAL - INDUSTRIE,32,94,1,female,parent,21,3,single
33,21001A472,STADE COMMUNAL - INDUSTRIE,33,93,1,female,parent,22,2,couple_no_child
34,21001A472,STADE COMMUNAL - INDUSTRIE,34,79,0,male,parent,22,2,couple_no_child
35,21001A472,STADE COMMUNAL - INDUSTRIE,35,93,1,female,parent,23,3,single
36,21001A472,STADE COMMUNAL - INDUSTRIE,36,92,1,female,parent,24,2,couple_no_child
37,21001A472,STADE COMMUNAL - INDUSTRIE,37,78,0,male,parent,24,2,couple_no_child
38,21001A472,STADE COMMUNAL - INDUSTRIE,38,92,1,female,parent,25,3,single
39,21001A472,STADE COMMUNAL - INDUSTRIE,39,91,1,female,parent,26,2,couple_no_child
40,21001A472,STADE COMMUNAL - INDUSTRIE,40,78,0,male,parent,26,2,couple_no_child
41,21001A472,STADE COMMUNAL - INDUSTRIE,41,91,1,female,parent,27,3,single
42,21001A472,STADE COMMUNAL - INDUSTRIE,42,90,1,female,parent,28,2,couple_no_child
43,21001A472,STADE COMMUNAL - INDUSTRIE,43,77,0,male,parent,28,2,couple_no_child
44,21001A472,STADE COMMUNAL - INDUSTRIE,44,90,1,female,parent,29,3,single
45,21001A472,STADE COMMUNAL - INDUSTRIE,45,89,1,female,parent,30,2,couple_no_child
46,21001A472,STADE COMMUNAL - INDUSTRIE,46,77,0,male,parent,30,2,couple_no_child
47,21001A472,STADE COMMUNAL - INDUSTRIE,47,89,1,female,parent,31,3,single
48,21001A472,STADE COMMUNAL - INDUSTRIE,48,88,1,female,parent,32,2,couple_no_child
49,21001A472,STADE COMMUNAL - INDUSTRIE,49,76,0,male,parent,32,2,couple_no_child
50,21001A472,STADE COMMUNAL - INDUSTRIE,50,88,1,female,parent,33,3,single
51,21001A472,STADE COMMUNAL - INDUSTRIE,51,87,1,female,parent,34,2,couple_no_child
52,21001A472,STADE COMMUNAL - INDUSTRIE,52,76,0,male,parent,34,2,couple_no_child
53,21001A472,STADE COMMUNAL - INDUSTRIE,53,87,1,female,parent,35,3,single
54,21001A472,STADE COMMUNAL - INDUSTRIE,54,86,1,female,parent,36,2,couple_no_child
55,21001A472,STADE COMMUNAL - INDUSTRIE,55,75,0,male,parent,36,2,couple_no_child
56,21001A472,STADE COMMUNAL - INDUSTRIE,56,86,1,female,parent,37,3,single
57,21001A472,STADE COMMUNAL - INDUSTRIE,57,85,1,female,parent,38,2,couple_no_child
58,21001A472,STADE COMMUNAL - INDUSTRIE,58,75,0,male,parent,38,2,couple_no_child
59,21001A472,STADE COMMUNAL - INDUSTRIE,59,85,1,female,parent,39,3,single
60,21001A472,STADE COMMUNAL - INDUSTRIE,60,84,1,female,parent,40,2,couple_no_child
61,21001A472,STADE COMMUNAL - INDUSTRIE,61,74,0,male,parent,40,2,couple_no_child
62,21001A472,STADE COMMUNAL - INDUSTRIE,62,84,1,female,parent,41,3,single
63,21001A472,STADE COMMUNAL - INDUSTRIE,63,83,1,female,parent,42,2,couple_no_child
64,21001A472,STADE COMMUNAL - INDUSTRIE,64,74,0,male,parent,42,2,couple_no_child
65,21001A472,STADE COMMUNAL - INDUSTRIE,65,83,1,female,parent,43,3,single
66,21001A472,STADE COMMUNAL - INDUSTRIE,66,82,1,female,parent,44,2,couple_no_child
67,21001A472,STADE COMMUNAL - INDUSTRIE,67,74,0,male,parent,44,2,couple_no_child
68,21001A472,STADE COMMUNAL - INDUSTRIE,68,82,1,female,parent,45,3,single
69,21001A472,STADE COMMUNAL - INDUSTRIE,69,81,1,female,parent,46,2,couple_no_child
70,21001A472,STADE COMMUNAL - INDUSTRIE,70,73,0,male,parent,46,2,couple_no_child
71,21001A472,STADE COMMUNAL - INDUSTRIE,71,81,1,female,parent,47,3,single
72,21001A472,STADE COMMUNAL - INDUSTRIE,72,80,1,female,parent,48,2,couple_no_child
73,21001A472,STADE COMMUNAL - INDUSTRIE,73,73,0,male,parent,48,2,couple_no_child
74,21001A472,STADE COMMUNAL - INDUSTRIE,74,80,1,female,parent,49,3,single
75,21001A472,STADE COMMUNAL - INDUSTRIE,75,79,1,female,parent,50,2,couple_no_child
76,21001A472,STADE COMMUNAL - INDUSTRIE,76,73,0,male,parent,50,2,couple_no_child
77,21001A472,STADE COMMUNAL - INDUSTRIE,77,79,1,female,parent,51,3,single
78,21001A472,STADE COMMUNAL - INDUSTRIE,78,78,1,female,parent,52,2,couple_no_child
79,21001A472,STADE COMMUNAL - INDUSTRIE,79,72,0,male,parent,52,2,couple_no_child
80,21001A472,STADE COMMUNAL - INDUSTRIE,80,78,1,female,parent,53,3,single
81,21001A472,STADE COMMUNAL - INDUSTRIE,81,77,1,female,parent,54,2,couple_no_child
82,21001A472,STADE COMMUNAL - INDUSTRIE,82,71,0,male,parent,54,2,couple_no_child
83,21001A472,STADE COMMUNAL - INDUSTRIE,83,77,1,female,parent,55,3,single
84,21001A472,STADE COMMUNAL - INDUSTRIE,84,76,1,female,parent,56,2,couple_no_child
85,21001A472,STADE COMMUNAL - INDUSTRIE,85,70,0,male,parent,56,2,couple_no_child
86,21001A472,STADE COMMUNAL - INDUSTRIE,86,76,1,female,parent,57,3,single
87,21001A472,STADE COMMUNAL - INDUSTRIE,87,75,1,female,parent,58,2,couple_no_child
88,21001A472,STADE COMMUNAL - INDUSTRIE,88,71,0,male,parent,58,2,couple_no_child
89,21001A472,STADE COMMUNAL - INDUSTRIE,89,75,1,female,parent,59,3,single
90,21001A472,STADE COMMUNAL - INDUSTRIE,90,74,1,female,parent,60,2,couple_no_child
91,21001A472,STADE COMMUNAL - INDUSTRIE,91,67,0,male,parent,60,2,couple_no_child
92,21001A472,STADE COMMUNAL - INDUSTRIE,92,74,1,female,parent,61,3,single
93,21001A472,STADE COMMUNAL - INDUSTRIE,93,73,1,female,parent,62,2,couple_no_child
94,21001A472,STADE COMMUNAL - INDUSTRIE,94,67,0,male,parent,62,2,couple_no_child
95,21001A472,STADE COMMUNAL - INDUSTRIE,95,73,1,female,parent,63,3,single
96,21001A472,STADE COMMUNAL - INDUSTRIE,96,72,1,female,parent,64,2,couple_no_child
97,21001A472,STADE COMMUNAL - INDUSTRIE,97,67,0,male,parent,64,2,couple_no_child
98,21001A472,STADE COMMUNAL - INDUSTRIE,98,72,1,female,parent,65,3,single
99,21001A472,STADE COMMUNAL - INDUSTRIE,99,71,1,female,parent,66,2,couple_no_child
100,21001A472,STADE COMMUNAL - INDUSTRIE,100,65,0,male,parent,66,2,couple_no_child
101,21001A472,STADE COMMUNAL - INDUSTRIE,101,71,1,female,parent,67,3,single
102,21001A472,STADE COMMUNAL - INDUSTRIE,102,70,1,female,parent,68,1,couple_with_child
103,21001A472,STADE COMMUNAL - INDUSTRIE,103,69,0,male,parent,68,1,couple_with_child
104,21001A472,STADE COMMUNAL - INDUSTRIE,104,27,0,male,child,68,1,couple_with_child
105,21001A472,STADE COMMUNAL - INDUSTRIE,105,70,1,female,parent,69,2,couple_no_child
106,21001A472,STADE COMMUNAL - INDUSTRIE,106,68,0,male,parent,69,2,couple_no_child
107,21001A472,STADE COMMUNAL - INDUSTRIE,107,70,1,female,parent,70,3,single
108,21001A472,STADE COMMUNAL - INDUSTRIE,108,69,1,female,parent,71,1,couple_with_child
109,21001A472,STADE COMMUNAL - INDUSTRIE,109,72,0,male,parent,71,1,couple_with_child
110,21001A472,STADE COMMUNAL - INDUSTRIE,110,27,0,male,child,71,1,couple_with_child
111,21001A472,STADE COMMUNAL - INDUSTRIE,111,51,0,male,child,71,1,couple_with_child
112,21001A472,STADE COMMUNAL - INDUSTRIE,112,69,1,female,parent,72,2,couple_no_child
113,21001A472,STADE COMMUNAL - INDUSTRIE,113,63,0,male,parent,72,2,couple_no_child
114,21001A472,STADE COMMUNAL - INDUSTRIE,114,69,1,female,parent,73,3,single
115,21001A472,STADE COMMUNAL - INDUSTRIE,115,68,1,female,parent,74,1,couple_with_child
116,21001A472,STADE COMMUNAL - INDUSTRIE,116,69,0,male,parent,74,1,couple_with_child
117,21001A472,STADE COMMUNAL - INDUSTRIE,117,49,1,female,child,74,1,couple_with_child
118,21001A472,STADE COMMUNAL - INDUSTRIE,118,68,1,female,parent,75,2,couple_no_child
119,21001A472,STADE COMMUNAL - INDUSTRIE,119,71,0,male,parent,75,2,couple_no_child
120,21001A472,STADE COMMUNAL - INDUSTRIE,120,68,1,female,parent,76,3,single
121,21001A472,STADE COMMUNAL - INDUSTRIE,121,67,1,female,parent,77,1,couple_with_child
122,21001A472,STADE COMMUNAL - INDUSTRIE,122,68,0,male,parent,77,1,couple_with_child
123,21001A472,STADE COMMUNAL - INDUSTRIE,123,41,0,male,child,77,1,couple_with_child
124,21001A472,STADE COMMUNAL - INDUSTRIE,124,31,0,male,child,77,1,couple_with_child
125,21001A472,STADE COMMUNAL - INDUSTRIE,125,35,1,female,child,77,1,couple_with_child
126,21001A472,STADE COMMUNAL - INDUSTRIE,126,67,1,female,parent,78,2,couple_no_child
127,21001A472,STADE COMMUNAL - INDUSTRIE,127,66,0,male,parent,78,2,couple_no_child
128,21001A472,STADE COMMUNAL - INDUSTRIE,128,67,1,female,parent,79,3,single
129,21001A472,STADE COMMUNAL - INDUSTRIE,129,66,1,female,parent,80,1,couple_with_child
130,21001A472,STADE COMMUNAL - INDUSTRIE,130,72,0,male,parent,80,1,couple_with_child
131,21001A472,STADE COMMUNAL - INDUSTRIE,131,18,1,female,child,80,1,couple_with_child
132,21001A472,STADE COMMUNAL - INDUSTRIE,132,21,1,female,child,80,1,couple_with_child
133,21001A472,STADE COMMUNAL - INDUSTRIE,133,66,1,female,parent,81,2,couple_no_child
134,21001A472,STADE COMMUNAL - INDUSTRIE,134,63,0,male,parent,81,2,couple_no_child
135,21001A472,STADE COMMUNAL - INDUSTRIE,135,66,1,female,parent,82,3,single
136,21001A472,STADE COMMUNAL - INDUSTRIE,136,65,1,female,parent,83,1,couple_with_child
137,21001A472,STADE COMMUNAL - INDUSTRIE,137,66,0,male,parent,83,1,couple_with_child
138,21001A472,STADE COMMUNAL - INDUSTRIE,138,35,1,female,child,83,1,couple_with_child
139,21001A472,STADE COMMUNAL - INDUSTRIE,139,65,1,female,parent,84,2,couple_no_child
140,21001A472,STADE COMMUNAL - INDUSTRIE,140,62,0,male,parent,84,2,couple_no_child
141,21001A472,STADE COMMUNAL - INDUSTRIE,141,65,1,female,parent,85,3,single
142,21001A472,STADE COMMUNAL - INDUSTRIE,142,64,1,female,parent,86,1,couple_with_child
143,21001A472,STADE COMMUNAL - INDUSTRIE,143,64,0,male,parent,86,1,couple_with_child
144,21001A472,STADE COMMUNAL - INDUSTRIE,144,14,0,male,child,86,1,couple_with_child
145,21001A472,STADE COMMUNAL - INDUSTRIE,145,30,0,male,child,86,1,couple_with_child
146,21001A472,STADE COMMUNAL - INDUSTRIE,146,17,1,female,child,86,1,couple_with_child
147,21001A472,STADE COMMUNAL - INDUSTRIE,147,64,1,female,parent,87,2,couple_no_child
148,21001A472,STADE COMMUNAL - INDUSTRIE,148,68,0,male,parent,87,2,couple_no_child
149,21001A472,STADE COMMUNAL - INDUSTRIE,149,64,1,female,parent,88,3,single
150,21001A472,STADE COMMUNAL - INDUSTRIE,150,64,1,female,parent,89,3,single
151,21001A472,STADE COMMUNAL - INDUSTRIE,151,63,1,female,parent,90,1,couple_with_child
152,21001A472,STADE COMMUNAL - INDUSTRIE,152,62,0,male,parent,90,1,couple_with_child
153,21001A472,STADE COMMUNAL - INDUSTRIE,153,30,0,male,child,90,1,couple_with_child
154,21001A472,STADE COMMUNAL - INDUSTRIE,154,34,0,male,child,90,1,couple_with_child
155,21001A472,STADE COMMUNAL - INDUSTRIE,155,63,1,female,parent,91,2,couple_no_child
156,21001A472,STADE COMMUNAL - INDUSTRIE,156,65,0,male,parent,91,2,couple_no_child
157,21001A472,STADE COMMUNAL - INDUSTRIE,157,63,1,female,parent,92,3,single
158,21001A472,STADE COMMUNAL - INDUSTRIE,158,63,1,female,parent,93,3,single
159,21001A472,STADE COMMUNAL - INDUSTRIE,159,62,1,female,parent,94,1,couple_with_child
160,21001A472,STADE COMMUNAL - INDUSTRIE,160,61,0,male,parent,94,1,couple_with_child
161,21001A472,STADE COMMUNAL - INDUSTRIE,161,14,0,male,child,94,1,couple_with_child
162,21001A472,STADE COMMUNAL - INDUSTRIE,162,23,1,female,child,94,1,couple_with_child
163,21001A472,STADE COMMUNAL - INDUSTRIE,163,45,1,female,child,94,1,couple_with_child
164,21001A472,STADE COMMUNAL - INDUSTRIE,164,62,1,female,parent,95,2,couple_no_child
165,21001A472,STADE COMMUNAL - INDUSTRIE,165,56,0,male,parent,95,2,couple_no_child
166,21001A472,STADE COMMUNAL - INDUSTRIE,166,62,1,female,parent,96,3,single
167,21001A472,STADE COMMUNAL - INDUSTRIE,167,62,1,female,parent,97,3,single
168,21001A472,STADE COMMUNAL - INDUSTRIE,168,61,1,female,parent,98,1,couple_with_child
169,21001A472,STADE COMMUNAL - INDUSTRIE,169,58,0,male,parent,98,1,couple_with_child
170,21001A472,STADE COMMUNAL - INDUSTRIE,170,24,1,female,child,98,1,couple_with_child
171,21001A472,STADE COMMUNAL - INDUSTRIE,171,34,0,male,child,98,1,couple_with_child
172,21001A472,STADE COMMUNAL - INDUSTRIE,172,45,0,male,child,98,1,couple_with_child
173,21001A472,STADE COMMUNAL - INDUSTRIE,173,61,1,female,parent,99,2,couple_no_child
174,21001A472,STADE COMMUNAL - INDUSTRIE,174,56,0,male,parent,99,2,couple_no_child
175,21001A472,STADE COMMUNAL - INDUSTRIE,175,61,1,female,parent,100,3,single
176,21001A472,STADE COMMUNAL - INDUSTRIE,176,61,1,female,parent,101,3,single
177,21001A472,STADE COMMUNAL - INDUSTRIE,177,60,1,female,parent,102,1,couple_with_child
178,21001A472,STADE COMMUNAL - INDUSTRIE,178,64,0,male,parent,102,1,couple_with_child
179,21001A472,STADE COMMUNAL - INDUSTRIE,179,17,1,female,child,102,1,couple_with_child
180,21001A472,STADE COMMUNAL - INDUSTRIE,180,38,0,male,child,102,1,couple_with_child
181,21001A472,STADE COMMUNAL - INDUSTRIE,181,60,1,female,parent,103,2,couple_no_child
182,21001A472,STADE COMMUNAL - INDUSTRIE,182,66,0,male,parent,103,2,couple_no_child
183,21001A472,STADE COMMUNAL - INDUSTRIE,183,60,1,female,parent,104,3,single
184,21001A472,STADE COMMUNAL - INDUSTRIE,184,60,1,female,parent,105,3,single
185,21001A472,STADE COMMUNAL - INDUSTRIE,185,59,1,female,parent,106,1,couple_with_child
186,21001A472,STADE COMMUNAL - INDUSTRIE,186,60,0,male,parent,106,1,couple_with_child
187,21001A472,STADE COMMUNAL - INDUSTRIE,187,30,0,male,child,106,1,couple_with_child
188,21001A472,STADE COMMUNAL - INDUSTRIE,188,30,1,female,child,106,1,couple_with_child
189,21001A472,STADE COMMUNAL - INDUSTRIE,189,59,1,female,parent,107,1,couple_with_child
190,21001A472,STADE COMMUNAL - INDUSTRIE,190,62,0,male,parent,107,1,couple_with_child
191,21001A472,STADE COMMUNAL - INDUSTRIE,191,10,0,male,child,107,1,couple_with_child
192,21001A472,STADE COMMUNAL - INDUSTRIE,192,26,1,female,child,107,1,couple_with_child
193,21001A472,STADE COMMUNAL - INDUSTRIE,193,26,0,male,child,107,1,couple_with_child
194,21001A472,STADE COMMUNAL - INDUSTRIE,194,59,1,female,parent,108,2,couple_no_child
195,21001A472,STADE COMMUNAL - INDUSTRIE,195,56,0,male,parent,108,2,couple_no_child
196,21001A472,STADE COMMUNAL - INDUSTRIE,196,59,1,female,parent,109,3,single
197,21001A472,STADE COMMUNAL - INDUSTRIE,197,59,1,female,parent,110,3,single
198,21001A472,STADE COMMUNAL - INDUSTRIE,198,58,1,female,parent,111,1,couple_with_child
199,21001A472,STADE COMMUNAL - INDUSTRIE,199,64,0,male,parent,111,1,couple_with_child
200,21001A472,STADE COMMUNAL - INDUSTRIE,200,39,0,male,child,111,1,couple_with_child
201,21001A472,STADE COMMUNAL - INDUSTRIE,201,34,1,female,child,111,1,couple_with_child
202,21001A472,STADE COMMUNAL - INDUSTRIE,202,58,1,female,parent,112,1,couple_with_child
203,21001A472,STADE COMMUNAL - INDUSTRIE,203,57,0,male,parent,112,1,couple_with_child
204,21001A472,STADE COMMUNAL - INDUSTRIE,204,19,1,female,child,112,1,couple_with_child
205,21001A472,STADE COMMUNAL - INDUSTRIE,205,16,1,female,child,112,1,couple_with_child
206,21001A472,STADE COMMUNAL - INDUSTRIE,206,20,0,male,child,112,1,couple_with_child
207,21001A472,STADE COMMUNAL - INDUSTRIE,207,58,1,female,parent,113,2,couple_no_child
208,21001A472,STADE COMMUNAL - INDUSTRIE,208,55,0,male,parent,113,2,couple_no_child
209,21001A472,STADE COMMUNAL - INDUSTRIE,209,58,1,female,parent,114,3,single
210,21001A472,STADE COMMUNAL - INDUSTRIE,210,58,1,female,parent,115,3,single
211,21001A472,STADE COMMUNAL - INDUSTRIE,211,57,1,female,parent,116,1,couple_with_child
212,21001A472,STADE COMMUNAL - INDUSTRIE,212,57,0,male,parent,116,1,couple_with_child
213,21001A472,STADE COMMUNAL - INDUSTRIE,213,36,1,female,child,116,1,couple_with_child
214,21001A472,STADE COMMUNAL - INDUSTRIE,214,31,0,male,child,116,1,couple_with_child
215,21001A472,STADE COMMUNAL - INDUSTRIE,215,57,1,female,parent,117,1,couple_with_child
216,21001A472,STADE COMMUNAL - INDUSTRIE,216,59,0,male,parent,117,1,couple_with_child
217,21001A472,STADE COMMUNAL - INDUSTRIE,217,7,1,female,child,117,1,couple_with_child
218,21001A472,STADE COMMUNAL - INDUSTRIE,218,8,1,female,child,117,1,couple_with_child
219,21001A472,STADE COMMUNAL - INDUSTRIE,219,57,1,female,parent,118,2,couple_no_child
220,21001A472,STADE COMMUNAL - INDUSTRIE,220,55,0,male,parent,118,2,couple_no_child
221,21001A472,STADE COMMUNAL - INDUSTRIE,221,57,1,female,parent,119,3,single
222,21001A472,STADE COMMUNAL - INDUSTRIE,222,57,1,female,parent,120,3,single
223,21001A472,STADE COMMUNAL - INDUSTRIE,223,56,1,female,parent,121,1,couple_with_child
224,21001A472,STADE COMMUNAL - INDUSTRIE,224,49,0,male,parent,121,1,couple_with_child
225,21001A472,STADE COMMUNAL - INDUSTRIE,225,18,0,male,child,121,1,couple_with_child
226,21001A472,STADE COMMUNAL - INDUSTRIE,226,17,0,male,child,121,1,couple_with_child
227,21001A472,STADE COMMUNAL - INDUSTRIE,227,31,1,female,child,121,1,couple_with_child
228,21001A472,STADE COMMUNAL - INDUSTRIE,228,56,1,female,parent,122,1,couple_with_child
229,21001A472,STADE COMMUNAL - INDUSTRIE,229,54,0,male,parent,122,1,couple_with_child
230,21001A472,STADE COMMUNAL - INDUSTRIE,230,13,0,male,child,122,1,couple_with_child
231,21001A472,STADE COMMUNAL - INDUSTRIE,231,56,1,female,parent,123,2,couple_no_child
232,21001A472,STADE COMMUNAL - INDUSTRIE,232,59,0,male,parent,123,2,couple_no_child
233,21001A472,STADE COMMUNAL - INDUSTRIE,233,56,1,female,parent,124,3,single
234,21001A472,STADE COMMUNAL - INDUSTRIE,234,56,1,female,parent,125,3,single
235,21001A472,STADE COMMUNAL - INDUSTRIE,235,55,1,female,parent,126,1,couple_with_child
236,21001A472,STADE COMMUNAL - INDUSTRIE,236,50,0,male,parent,126,1,couple_with_child
237,21001A472,STADE COMMUNAL - INDUSTRIE,237,28,0,male,child,126,1,couple_with_child
238,21001A472,STADE COMMUNAL - INDUSTRIE,238,23,1,female,child,126,1,couple_with_child
239,21001A472,STADE COMMUNAL - INDUSTRIE,239,55,1,female,parent,127,1,couple_with_child
240,21001A472,STADE COMMUNAL - INDUSTRIE,240,60,0,male,parent,127,1,couple_with_child
241,21001A472,STADE COMMUNAL - INDUSTRIE,241,24,0,male,child,127,1,couple_with_child
242,21001A472,STADE COMMUNAL - INDUSTRIE,242,20,1,female,child,127,1,couple_with_child
243,21001A472,STADE COMMUNAL - INDUSTRIE,243,55,1,female,parent,128,2,couple_no_child
244,21001A472,STADE COMMUNAL - INDUSTRIE,244,54,0,male,parent,128,2,couple_no_child
245,21001A472,STADE COMMUNAL - INDUSTRIE,245,55,1,female,parent,129,3,single
246,21001A472,STADE COMMUNAL - INDUSTRIE,246,55,1,female,parent,130,3,single
247,21001A472,STADE COMMUNAL - INDUSTRIE,247,54,1,female,parent,131,1,couple_with_child
248,21001A472,STADE COMMUNAL - INDUSTRIE,248,49,0,male,parent,131,1,couple_with_child
249,21001A472,STADE COMMUNAL - INDUSTRIE,249,16,0,male,child,131,1,couple_with_child
250,21001A472,STADE COMMUNAL - INDUSTRIE,250,54,1,female,parent,132,1,couple_with_child
251,21001A472,STADE COMMUNAL - INDUSTRIE,251,60,0,male,parent,132,1,couple_with_child
252,21001A472,STADE COMMUNAL - INDUSTRIE,252,6,1,female,child,132,1,couple_with_child
253,21001A472,STADE COMMUNAL - INDUSTRIE,253,7,1,female,child,132,1,couple_with_child
254,21001A472,STADE COMMUNAL - INDUSTRIE,254,16,0,male,child,132,1,couple_with_child
255,21001A472,STADE COMMUNAL - INDUSTRIE,255,54,1,female,parent,133,2,couple_no_child
256,21001A472,STADE COMMUNAL - INDUSTRIE,256,52,0,male,parent,133,2,couple_no_child
257,21001A472,STADE COMMUNAL - INDUSTRIE,257,54,1,female,parent,134,3,single
258,21001A472,STADE COMMUNAL - INDUSTRIE,258,54,1,female,parent,135,3,single
259,21001A472,STADE COMMUNAL - INDUSTRIE,259,53,1,female,parent,136,1,couple_with_child
260,21001A472,STADE COMMUNAL - INDUSTRIE,260,56,0,male,parent,136,1,couple_with_child
261,21001A472,STADE COMMUNAL - INDUSTRIE,261,11,0,male,child,136,1,couple_with_child
262,21001A472,STADE COMMUNAL - INDUSTRIE,262,15,0,male,child,136,1,couple_with_child
263,21001A472,STADE COMMUNAL - INDUSTRIE,263,53,1,female,parent,137,1,couple_with_child
264,21001A472,STADE COMMUNAL - INDUSTRIE,264,57,0,male,parent,137,1,couple_with_child
265,21001A472,STADE COMMUNAL - INDUSTRIE,265,11,0,male,child,137,1,couple_with_child
266,21001A472,STADE COMMUNAL - INDUSTRIE,266,53,1,female,parent,138,2,couple_no_child
267,21001A472,STADE COMMUNAL - INDUSTRIE,267,56,0,male,parent,138,2,couple_no_child
268,21001A472,STADE COMMUNAL - INDUSTRIE,268,53,1,female,parent,139,3,single
269,21001A472,STADE COMMUNAL - INDUSTRIE,269,53,1,female,parent,140,3,single
270,21001A472,STADE COMMUNAL - INDUSTRIE,270,52,1,female,parent,141,1,couple_with_child
271,21001A472,STADE COMMUNAL - INDUSTRIE,271,57,0,male,parent,141,1,couple_with_child
272,21001A472,STADE COMMUNAL - INDUSTRIE,272,10,1,female,child,141,1,couple_with_child
273,21001A472,STADE COMMUNAL - INDUSTRIE,273,52,1,female,parent,142,1,couple_with_child
274,21001A472,STADE COMMUNAL - INDUSTRIE,274,49,0,male,parent,142,1,couple_with_child
275,21001A472,STADE COMMUNAL - INDUSTRIE,275,31,1,female,child,142,1,couple_with_child
276,21001A472,STADE COMMUNAL - INDUSTRIE,276,52,1,female,parent,143,2,couple_no_child
277,21001A472,STADE COMMUNAL - INDUSTRIE,277,48,0,male,parent,143,2,couple_no_child
278,21001A472,STADE COMMUNAL - INDUSTRIE,278,52,1,female,parent,144,3,single
279,21001A472,STADE COMMUNAL - INDUSTRIE,279,52,1,female,parent,145,3,single
280,21001A472,STADE COMMUNAL - INDUSTRIE,280,51,1,female,parent,146,1,couple_with_child
281,21001A472,STADE COMMUNAL - INDUSTRIE,281,47,0,male,parent,146,1,couple_with_child
282,21001A472,STADE COMMUNAL - INDUSTRIE,282,14,1,female,child,146,1,couple_with_child
283,21001A472,STADE COMMUNAL - INDUSTRIE,283,51,1,female,parent,147,1,couple_with_child
284,21001A472,STADE COMMUNAL - INDUSTRIE,284,54,0,male,parent,147,1,couple_with_child
285,21001A472,STADE COMMUNAL - INDUSTRIE,285,3,0,male,child,147,1,couple_with_child
286,21001A472,STADE COMMUNAL - INDUSTRIE,286,20,1,female,child,147,1,couple_with_child
287,21001A472,STADE COMMUNAL - INDUSTRIE,287,51,1,female,parent,148,2,couple_no_child
288,21001A472,STADE COMMUNAL - INDUSTRIE,288,49,0,male,parent,148,2,couple_no_child
289,21001A472,STADE COMMUNAL - INDUSTRIE,289,51,1,female,parent,149,3,single
290,21001A472,STADE COMMUNAL - INDUSTRIE,290,51,1,female,parent,150,3,single
291,21001A472,STADE COMMUNAL - INDUSTRIE,291,50,1,female,parent,151,1,couple_with_child
292,21001A472,STADE COMMUNAL - INDUSTRIE,292,44,0,male,parent,151,1,couple_with_child
293,21001A472,STADE COMMUNAL - INDUSTRIE,293,3,0,male,child,151,1,couple_with_child
294,21001A472,STADE COMMUNAL - INDUSTRIE,294,25,0,male,child,151,1,couple_with_child
295,21001A472,STADE COMMUNAL - INDUSTRIE,295,15,1,female,child,151,1,couple_with_child
296,21001A472,STADE COMMUNAL - INDUSTRIE,296,50,1,female,parent,152,1,couple_with_child
297,21001A472,STADE COMMUNAL - INDUSTRIE,297,44,0,male,parent,152,1,couple_with_child
298,21001A472,STADE COMMUNAL - INDUSTRIE,298,26,1,female,child,152,1,couple_with_child
299,21001A472,STADE COMMUNAL - INDUSTRIE,299,50,1,female,parent,153,2,couple_no_child
300,21001A472,STADE COMMUNAL - INDUSTRIE,300,46,0,male,parent,153,2,couple_no_child
301,21001A472,STADE COMMUNAL - INDUSTRIE,301,50,1,female,parent,154,3,single
302,21001A472,STADE COMMUNAL - INDUSTRIE,302,50,1,female,parent,155,3,single
303,21001A472,STADE COMMUNAL - INDUSTRIE,303,49,1,female,parent,156,1,couple_with_child
304,21001A472,STADE COMMUNAL - INDUSTRIE,304,54,0,male,parent,156,1,couple_with_child
305,21001A472,STADE COMMUNAL - INDUSTRIE,305,1,0,male,child,156,1,couple_with_child
306,21001A472,STADE COMMUNAL - INDUSTRIE,306,17,1,female,child,156,1,couple_with_child
307,21001A472,STADE COMMUNAL - INDUSTRIE,307,49,1,female,parent,157,1,couple_with_child
308,21001A472,STADE COMMUNAL - INDUSTRIE,308,51,0,male,parent,157,1,couple_with_child
309,21001A472,STADE COMMUNAL - INDUSTRIE,309,13,1,female,child,157,1,couple_with_child
310,21001A472,STADE COMMUNAL - INDUSTRIE,310,18,1,female,child,157,1,couple_with_child
311,21001A472,STADE COMMUNAL - INDUSTRIE,311,49,1,female,parent,158,2,couple_no_child
312,21001A472,STADE COMMUNAL - INDUSTRIE,312,55,0,male,parent,158,2,couple_no_child
313,21001A472,STADE COMMUNAL - INDUSTRIE,313,49,1,female,parent,159,3,single
314,21001A472,STADE COMMUNAL - INDUSTRIE,314,49,1,female,parent,160,3,single
315,21001A472,STADE COMMUNAL - INDUSTRIE,315,48,1,female,parent,161,1,couple_with_child
316,21001A472,STADE COMMUNAL - INDUSTRIE,316,52,0,male,parent,161,1,couple_with_child
317,21001A472,STADE COMMUNAL - INDUSTRIE,317,1,1,female,child,161,1,couple_with_child
318,21001A472,STADE COMMUNAL - INDUSTRIE,318,10,1,female,child,161,1,couple_with_child
319,21001A472,STADE COMMUNAL - INDUSTRIE,319,48,1,female,parent,162,1,couple_with_child
320,21001A472,STADE COMMUNAL - INDUSTRIE,320,41,0,male,parent,162,1,couple_with_child
321,21001A472,STADE COMMUNAL - INDUSTRIE,321,20,1,female,child,162,1,couple_with_child
322,21001A472,STADE COMMUNAL - INDUSTRIE,322,48,1,female,parent,163,2,couple_no_child
323,21001A472,STADE COMMUNAL - INDUSTRIE,323,41,0,male,parent,163,2,couple_no_child
324,21001A472,STADE COMMUNAL - INDUSTRIE,324,48,1,female,parent,164,3,single
325,21001A472,STADE COMMUNAL - INDUSTRIE,325,48,1,female,parent,165,3,single
326,21001A472,STADE COMMUNAL - INDUSTRIE,326,47,1,female,parent,166,1,couple_with_child
327,21001A472,STADE COMMUNAL - INDUSTRIE,327,48,0,male,parent,166,1,couple_with_child
328,21001A472,STADE COMMUNAL - INDUSTRIE,328,27,0,male,child,166,1,couple_with_child
329,21001A472,STADE COMMUNAL - INDUSTRIE,329,14,1,female,child,166,1,couple_with_child
330,21001A472,STADE COMMUNAL - INDUSTRIE,330,47,1,female,parent,167,1,couple_with_child
331,21001A472,STADE COMMUNAL - INDUSTRIE,331,42,0,male,parent,167,1,couple_with_child
332,21001A472,STADE COMMUNAL - INDUSTRIE,332,29,1,female,child,167,1,couple_with_child
333,21001A472,STADE COMMUNAL - INDUSTRIE,333,47,1,female,parent,168,2,couple_no_child
334,21001A472,STADE COMMUNAL - INDUSTRIE,334,53,0,male,parent,168,2,couple_no_child
335,21001A472,STADE COMMUNAL - INDUSTRIE,335,47,1,female,parent,169,3,single
336,21001A472,STADE COMMUNAL - INDUSTRIE,336,47,1,female,parent,170,3,single
337,21001A472,STADE COMMUNAL - INDUSTRIE,337,46,1,female,parent,171,1,couple_with_child
338,21001A472,STADE COMMUNAL - INDUSTRIE,338,52,0,male,parent,171,1,couple_with_child
339,21001A472,STADE COMMUNAL - INDUSTRIE,339,7,0,male,child,171,1,couple_with_child
340,21001A472,STADE COMMUNAL - INDUSTRIE,340,12,1,female,child,171,1,couple_with_child
341,21001A472,STADE COMMUNAL - INDUSTRIE,341,7,1,female,child,171,1,couple_with_child
342,21001A472,STADE COMMUNAL - INDUSTRIE,342,46,1,female,parent,172,1,couple_with_child
343,21001A472,STADE COMMUNAL - INDUSTRIE,343,44,0,male,parent,172,1,couple_with_child
344,21001A472,STADE COMMUNAL - INDUSTRIE,344,20,0,male,child,172,1,couple_with_child
345,21001A472,STADE COMMUNAL - INDUSTRIE,345,46,1,female,parent,173,2,couple_no_child
346,21001A472,STADE COMMUNAL - INDUSTRIE,346,53,0,male,parent,173,2,couple_no_child
347,21001A472,STADE COMMUNAL - INDUSTRIE,347,46,1,female,parent,174,3,single
348,21001A472,STADE COMMUNAL - INDUSTRIE,348,46,1,female,parent,175,3,single
349,21001A472,STADE COMMUNAL - INDUSTRIE,349,45,1,female,parent,176,1,couple_with_child
350,21001A472,STADE COMMUNAL - INDUSTRIE,350,43,0,male,parent,176,1,couple_with_child
351,21001A472,STADE COMMUNAL - INDUSTRIE,351,1,1,female,child,176,1,couple_with_child
352,21001A472,STADE COMMUNAL - INDUSTRIE,352,45,1,female,parent,177,1,couple_with_child
353,21001A472,STADE COMMUNAL - INDUSTRIE,353,51,0,male,parent,177,1,couple_with_child
354,21001A472,STADE COMMUNAL - INDUSTRIE,354,12,1,female,child,177,1,couple_with_child
355,21001A472,STADE COMMUNAL - INDUSTRIE,355,21,0,male,child,177,1,couple_with_child
356,21001A472,STADE COMMUNAL - INDUSTRIE,356,5,1,female,child,177,1,couple_with_child
357,21001A472,STADE COMMUNAL - INDUSTRIE,357,45,1,female,parent,178,2,couple_no_child
358,21001A472,STADE COMMUNAL - INDUSTRIE,358,43,0,male,parent,178,2,couple_no_child
359,21001A472,STADE COMMUNAL - INDUSTRIE,359,45,1,female,parent,179,3,single
360,21001A472,STADE COMMUNAL - INDUSTRIE,360,45,1,female,parent,180,3,single
361,21001A472,STADE COMMUNAL - INDUSTRIE,361,44,1,female,parent,181,1,couple_with_child
362,21001A472,STADE COMMUNAL - INDUSTRIE,362,47,0,male,parent,181,1,couple_with_child
363,21001A472,STADE COMMUNAL - INDUSTRIE,363,20,0,male,child,181,1,couple_with_child
364,21001A472,STADE COMMUNAL - INDUSTRIE,364,23,0,male,child,181,1,couple_with_child
365,21001A472,STADE COMMUNAL - INDUSTRIE,365,44,1,female,parent,182,1,couple_with_child
366,21001A472,STADE COMMUNAL - INDUSTRIE,366,51,0,male,parent,182,1,couple_with_child
367,21001A472,STADE COMMUNAL - INDUSTRIE,367,2,1,female,child,182,1,couple_with_child
368,21001A472,STADE COMMUNAL - INDUSTRIE,368,25,1,female,child,182,1,couple_with_child
369,21001A472,STADE COMMUNAL - INDUSTRIE,369,44,1,female,parent,183,2,couple_no_child
370,21001A472,STADE COMMUNAL - INDUSTRIE,370,50,0,male,parent,183,2,couple_no_child
371,21001A472,STADE COMMUNAL - INDUSTRIE,371,44,1,female,parent,184,3,single
372,21001A472,STADE COMMUNAL - INDUSTRIE,372,44,1,female,parent,185,3,single
373,21001A472,STADE COMMUNAL - INDUSTRIE,373,43,1,female,parent,186,1,couple_with_child
374,21001A472,STADE COMMUNAL - INDUSTRIE,374,45,0,male,parent,186,1,couple_with_child
375,21001A472,STADE COMMUNAL - INDUSTRIE,375,4,1,female,child,186,1,couple_with_child
376,21001A472,STADE COMMUNAL - INDUSTRIE,376,0,1,female,child,186,1,couple_with_child
377,21001A472,STADE COMMUNAL - INDUSTRIE,377,43,1,female,parent,187,1,couple_with_child
378,21001A472,STADE COMMUNAL - INDUSTRIE,378,50,0,male,parent,187,1,couple_with_child
379,21001A472,STADE COMMUNAL - INDUSTRIE,379,0,1,female,child,187,1,couple_with_child
380,21001A472,STADE COMMUNAL - INDUSTRIE,380,43,1,female,parent,188,2,couple_no_child
381,21001A472,STADE COMMUNAL - INDUSTRIE,381,45,0,male,parent,188,2,couple_no_child
382,21001A472,STADE COMMUNAL - INDUSTRIE,382,43,1,female,parent,189,3,single
383,21001A472,STADE COMMUNAL - INDUSTRIE,383,43,1,female,parent,190,3,single
384,21001A472,STADE COMMUNAL - INDUSTRIE,384,42,1,female,parent,191,1,couple_with_child
385,21001A472,STADE COMMUNAL - INDUSTRIE,385,47,0,male,parent,191,1,couple_with_child
386,21001A472,STADE COMMUNAL - INDUSTRIE,386,2,1,female,child,191,1,couple_with_child
387,21001A472,STADE COMMUNAL - INDUSTRIE,387,11,0,male,child,191,1,couple_with_child
388,21001A472,STADE COMMUNAL - INDUSTRIE,388,42,1,female,parent,192,1,couple_with_child
389,21001A472,STADE COMMUNAL - INDUSTRIE,389,47,0,male,parent,192,1,couple_with_child
390,21001A472,STADE COMMUNAL - INDUSTRIE,390,5,1,female,child,192,1,couple_with_child
391,21001A472,STADE COMMUNAL - INDUSTRIE,391,42,1,female,parent,193,2,couple_no_child
392,21001A472,STADE COMMUNAL - INDUSTRIE,392,43,0,male,parent,193,2,couple_no_child
393,21001A472,STADE COMMUNAL - INDUSTRIE,393,42,1,female,parent,194,3,single
394,21001A472,STADE COMMUNAL - INDUSTRIE,394,42,1,female,parent,195,3,single
395,21001A472,STADE COMMUNAL - INDUSTRIE,395,41,1,female,parent,196,1,couple_with_child
396,21001A472,STADE COMMUNAL - INDUSTRIE,396,44,0,male,parent,196,1,couple_with_child
397,21001A472,STADE COMMUNAL - INDUSTRIE,397,19,1,female,child,196,1,couple_with_child
398,21001A472,STADE COMMUNAL - INDUSTRIE,398,13,0,male,child,196,1,couple_with_child
399,21001A472,STADE COMMUNAL - INDUSTRIE,399,41,1,female,parent,197,1,couple_with_child
400,21001A472,STADE COMMUNAL - INDUSTRIE,400,42,0,male,parent,197,1,couple_with_child
401,21001A472,STADE COMMUNAL - INDUSTRIE,401,19,0,male,child,197,1,couple_with_child
402,21001A472,STADE COMMUNAL - INDUSTRIE,402,41,1,female,parent,198,2,couple_no_child
403,21001A472,STADE COMMUNAL - INDUSTRIE,403,41,0,male,parent,198,2,couple_no_child
404,21001A472,STADE COMMUNAL - INDUSTRIE,404,41,1,female,parent,199,3,single
405,21001A472,STADE COMMUNAL - INDUSTRIE,405,41,1,female,parent,200,3,single
406,21001A472,STADE COMMUNAL - INDUSTRIE,406,40,1,female,parent,201,1,couple_with_child
407,21001A472,STADE COMMUNAL - INDUSTRIE,407,39,0,male,parent,201,1,couple_with_child
408,21001A472,STADE COMMUNAL - INDUSTRIE,408,18,0,male,child,201,1,couple_with_child
409,21001A472,STADE COMMUNAL - INDUSTRIE,409,16,1,female,child,201,1,couple_with_child
410,21001A472,STADE COMMUNAL - INDUSTRIE,410,40,1,female,parent,202,1,couple_with_child
411,21001A472,STADE COMMUNAL - INDUSTRIE,411,46,0,male,parent,202,1,couple_with_child
412,21001A472,STADE COMMUNAL - INDUSTRIE,412,8,0,male,child,202,1,couple_with_child
413,21001A472,STADE COMMUNAL - INDUSTRIE,413,40,1,female,parent,203,2,couple_no_child
414,21001A472,STADE COMMUNAL - INDUSTRIE,414,46,0,male,parent,203,2,couple_no_child
415,21001A472,STADE COMMUNAL - INDUSTRIE,415,40,1,female,parent,204,3,single
416,21001A472,STADE COMMUNAL - INDUSTRIE,416,40,1,female,parent,205,3,single
417,21001A472,STADE COMMUNAL - INDUSTRIE,417,39,1,female,parent,206,1,couple_with_child
418,21001A472,STADE COMMUNAL - INDUSTRIE,418,38,0,male,parent,206,1,couple_with_child
419,21001A472,STADE COMMUNAL - INDUSTRIE,419,1,1,female,child,206,1,couple_with_child
420,21001A472,STADE COMMUNAL - INDUSTRIE,420,6,0,male,child,206,1,couple_with_child
421,21001A472,STADE COMMUNAL - INDUSTRIE,421,5,0,male,child,206,1,couple_with_child
422,21001A472,STADE COMMUNAL - INDUSTRIE,422,39,1,female,parent,207,1,couple_with_child
423,21001A472,STADE COMMUNAL - INDUSTRIE,423,32,0,male,parent,207,1,couple_with_child
424,21001A472,STADE COMMUNAL - INDUSTRIE,424,9,0,male,child,207,1,couple_with_child
425,21001A472,STADE COMMUNAL - INDUSTRIE,425,39,1,female,parent,208,2,couple_no_child
426,21001A472,STADE COMMUNAL - INDUSTRIE,426,34,0,male,parent,208,2,couple_no_child
427,21001A472,STADE COMMUNAL - INDUSTRIE,427,39,1,female,parent,209,3,single
428,21001A472,STADE COMMUNAL - INDUSTRIE,428,39,1,female,parent,210,3,single
429,21001A472,STADE COMMUNAL - INDUSTRIE,429,38,1,female,parent,211,1,couple_with_child
430,21001A472,STADE COMMUNAL - INDUSTRIE,430,35,0,male,parent,211,1,couple_with_child
431,21001A472,STADE COMMUNAL - INDUSTRIE,431,22,0,male,child,211,1,couple_with_child
432,21001A472,STADE COMMUNAL - INDUSTRIE,432,38,1,female,parent,212,1,couple_with_child
433,21001A472,STADE COMMUNAL - INDUSTRIE,433,35,0,male,parent,212,1,couple_with_child
434,21001A472,STADE COMMUNAL - INDUSTRIE,434,16,1,female,child,212,1,couple_with_child
435,21001A472,STADE COMMUNAL - INDUSTRIE,435,38,1,female,parent,213,2,couple_no_child
436,21001A472,STADE COMMUNAL - INDUSTRIE,436,36,0,male,parent,213,2,couple_no_child
437,21001A472,STADE COMMUNAL - INDUSTRIE,437,38,1,female,parent,214,3,single
438,21001A472,STADE COMMUNAL - INDUSTRIE,438,38,1,female,parent,215,3,single
439,21001A472,STADE COMMUNAL - INDUSTRIE,439,37,1,female,parent,216,1,couple_with_child
440,21001A472,STADE COMMUNAL - INDUSTRIE,440,35,0,male,parent,216,1,couple_with_child
441,21001A472,STADE COMMUNAL - INDUSTRIE,441,13,0,male,child,216,1,couple_with_child
442,21001A472,STADE COMMUNAL - INDUSTRIE,442,1,0,male,child,216,1,couple_with_child
443,21001A472,STADE COMMUNAL - INDUSTRIE,443,37,1,female,parent,217,1,couple_with_child
444,21001A472,STADE COMMUNAL - INDUSTRIE,444,35,0,male,parent,217,1,couple_with_child
445,21001A472,STADE COMMUNAL - INDUSTRIE,445,1,0,male,child,217,1,couple_with_child
446,21001A472,STADE COMMUNAL - INDUSTRIE,446,19,0,male,child,217,1,couple_with_child
447,21001A472,STADE COMMUNAL - INDUSTRIE,447,37,1,female,parent,218,2,couple_no_child
448,21001A472,STADE COMMUNAL - INDUSTRIE,448,32,0,male,parent,218,2,couple_no_child
449,21001A472,STADE COMMUNAL - INDUSTRIE,449,37,1,female,parent,219,3,single
450,21001A472,STADE COMMUNAL - INDUSTRIE,450,37,1,female,parent,220,3,single
451,21001A472,STADE COMMUNAL - INDUSTRIE,451,36,1,female,parent,221,1,couple_with_child
452,21001A472,STADE COMMUNAL - INDUSTRIE,452,42,0,male,parent,221,1,couple_with_child
453,21001A472,STADE COMMUNAL - INDUSTRIE,453,16,0,male,child,221,1,couple_with_child
454,21001A472,STADE COMMUNAL - INDUSTRIE,454,17,0,male,child,221,1,couple_with_child
455,21001A472,STADE COMMUNAL - INDUSTRIE,455,36,1,female,parent,222,1,couple_with_child
456,21001A472,STADE COMMUNAL - INDUSTRIE,456,32,0,male,parent,222,1,couple_with_child
457,21001A472,STADE COMMUNAL - INDUSTRIE,457,19,1,female,child,222,1,couple_with_child
458,21001A472,STADE COMMUNAL - INDUSTRIE,458,20,1,female,child,222,1,couple_with_child
459,21001A472,STADE COMMUNAL - INDUSTRIE,459,36,1,female,parent,223,2,couple_no_child
460,21001A472,STADE COMMUNAL - INDUSTRIE,460,40,0,male,parent,223,2,couple_no_child
461,21001A472,STADE COMMUNAL - INDUSTRIE,461,36,1,female,parent,224,3,single
462,21001A472,STADE COMMUNAL - INDUSTRIE,462,36,1,female,parent,225,3,single
463,21001A472,STADE COMMUNAL - INDUSTRIE,463,35,1,female,parent,226,1,couple_with_child
464,21001A472,STADE COMMUNAL - INDUSTRIE,464,39,0,male,parent,226,1,couple_with_child
465,21001A472,STADE COMMUNAL - INDUSTRIE,465,0,1,female,child,226,1,couple_with_child
466,21001A472,STADE COMMUNAL - INDUSTRIE,466,35,1,female,parent,227,1,couple_with_child
467,21001A472,STADE COMMUNAL - INDUSTRIE,467,31,0,male,parent,227,1,couple_with_child
468,21001A472,STADE COMMUNAL - INDUSTRIE,468,10,0,male,child,227,1,couple_with_child
469,21001A472,STADE COMMUNAL - INDUSTRIE,469,0,0,male,child,227,1,couple_with_child
470,21001A472,STADE COMMUNAL - INDUSTRIE,470,35,1,female,parent,228,2,couple_no_child
471,21001A472,STADE COMMUNAL - INDUSTRIE,471,42,0,male,parent,228,2,couple_no_child
472,21001A472,STADE COMMUNAL - INDUSTRIE,472,35,1,female,parent,229,3,single
473,21001A472,STADE COMMUNAL - INDUSTRIE,473,35,1,female,parent,230,3,single
474,21001A472,STADE COMMUNAL - INDUSTRIE,474,34,1,female,parent,231,1,couple_with_child
475,21001A472,STADE COMMUNAL - INDUSTRIE,475,30,0,male,parent,231,1,couple_with_child
476,21001A472,STADE COMMUNAL - INDUSTRIE,476,18,0,male,child,231,1,couple_with_child
477,21001A472,STADE COMMUNAL - INDUSTRIE,477,8,1,female,child,231,1,couple_with_child
478,21001A472,STADE COMMUNAL - INDUSTRIE,478,7,0,male,child,231,1,couple_with_child
479,21001A472,STADE COMMUNAL - INDUSTRIE,479,34,1,female,parent,232,1,couple_with_child
480,21001A472,STADE COMMUNAL - INDUSTRIE,480,31,0,male,parent,232,1,couple_with_child
481,21001A472,STADE COMMUNAL - INDUSTRIE,481,18,1,female,child,232,1,couple_with_child
482,21001A472,STADE COMMUNAL - INDUSTRIE,482,34,1,female,parent,233,2,couple_no_child
483,21001A472,STADE COMMUNAL - INDUSTRIE,483,34,0,male,parent,233,2,couple_no_child
484,21001A472,STADE COMMUNAL - INDUSTRIE,484,34,1,female,parent,234,3,single
485,21001A472,STADE COMMUNAL - INDUSTRIE,485,34,1,female,parent,235,3,single
486,21001A472,STADE COMMUNAL - INDUSTRIE,486,33,1,female,parent,236,1,couple_with_child
487,21001A472,STADE COMMUNAL - INDUSTRIE,487,33,0,male,parent,236,1,couple_with_child
488,21001A472,STADE COMMUNAL - INDUSTRIE,488,14,0,male,child,236,1,couple_with_child
489,21001A472,STADE COMMUNAL - INDUSTRIE,489,33,1,female,parent,237,1,couple_with_child
490,21001A472,STADE COMMUNAL - INDUSTRIE,490,26,0,male,parent,237,1,couple_with_child
491,21001A472,STADE COMMUNAL - INDUSTRIE,491,15,1,female,child,237,1,couple_with_child
492,21001A472,STADE COMMUNAL - INDUSTRIE,492,8,1,female,child,237,1,couple_with_child
493,21001A472,STADE COMMUNAL - INDUSTRIE,493,6,0,male,child,237,1,couple_with_child
494,21001A472,STADE COMMUNAL - INDUSTRIE,494,33,1,female,parent,238,2,couple_no_child
495,21001A472,STADE COMMUNAL - INDUSTRIE,495,39,0,male,parent,238,2,couple_no_child
496,21001A472,STADE COMMUNAL - INDUSTRIE,496,33,1,female,parent,239,3,single
497,21001A472,STADE COMMUNAL - INDUSTRIE,497,33,1,female,parent,240,3,single
498,21001A472,STADE COMMUNAL - INDUSTRIE,498,32,1,female,parent,241,1,couple_with_child
499,21001A472,STADE COMMUNAL - INDUSTRIE,499,29,0,male,parent,241,1,couple_with_child
500,21001A472,STADE COMMUNAL - INDUSTRIE,500,12,0,male,child,241,1,couple_with_child
501,21001A472,STADE COMMUNAL - INDUSTRIE,501,12,0,male,child,241,1,couple_with_child
502,21001A472,STADE COMMUNAL - INDUSTRIE,502,32,1,female,parent,242,1,couple_with_child
503,21001A472,STADE COMMUNAL - INDUSTRIE,503,36,0,male,parent,242,1,couple_with_child
504,21001A472,STADE COMMUNAL - INDUSTRIE,504,10,0,male,child,242,1,couple_with_child
505,21001A472,STADE COMMUNAL - INDUSTRIE,505,1,1,female,child,242,1,couple_with_child
506,21001A472,STADE COMMUNAL - INDUSTRIE,506,3,0,male,child,242,1,couple_with_child
507,21001A472,STADE COMMUNAL - INDUSTRIE,507,32,1,female,parent,243,2,couple_no_child
508,21001A472,STADE COMMUNAL - INDUSTRIE,508,26,0,male,parent,243,2,couple_no_child
509,21001A472,STADE COMMUNAL - INDUSTRIE,509,32,1,female,parent,244,3,single
510,21001A472,STADE COMMUNAL - INDUSTRIE,510,32,1,female,parent,245,3,single
511,21001A472,STADE COMMUNAL - INDUSTRIE,511,31,1,female,parent,246,1,couple_with_child
512,21001A472,STADE COMMUNAL - INDUSTRIE,512,33,0,male,parent,246,1,couple_with_child
513,21001A472,STADE COMMUNAL - INDUSTRIE,513,10,0,male,child,246,1,couple_with_child
514,21001A472,STADE COMMUNAL - INDUSTRIE,514,1,0,male,child,246,1,couple_with_child
515,21001A472,STADE COMMUNAL - INDUSTRIE,515,31,1,female,parent,247,1,couple_with_child
516,21001A472,STADE COMMUNAL - INDUSTRIE,516,36,0,male,parent,247,1,couple_with_child
517,21001A472,STADE COMMUNAL - INDUSTRIE,517,4,0,male,child,247,1,couple_with_child
518,21001A472,STADE COMMUNAL - INDUSTRIE,518,11,0,male,child,247,1,couple_with_child
519,21001A472,STADE COMMUNAL - INDUSTRIE,519,0,0,male,child,247,1,couple_with_child
520,21001A472,STADE COMMUNAL - INDUSTRIE,520,31,1,female,parent,248,2,couple_no_child
521,21001A472,STADE COMMUNAL - INDUSTRIE,521,24,0,male,parent,248,2,couple_no_child
522,21001A472,STADE COMMUNAL - INDUSTRIE,522,31,1,female,parent,249,3,single
523,21001A472,STADE COMMUNAL - INDUSTRIE,523,31,1,female,parent,250,3,single
524,21001A472,STADE COMMUNAL - INDUSTRIE,524,30,1,female,parent,251,1,couple_with_child
525,21001A472,STADE COMMUNAL - INDUSTRIE,525,26,0,male,parent,251,1,couple_with_child
526,21001A472,STADE COMMUNAL - INDUSTRIE,526,9,0,male,child,251,1,couple_with_child
527,21001A472,STADE COMMUNAL - INDUSTRIE,527,0,1,female,child,251,1,couple_with_child
528,21001A472,STADE COMMUNAL - INDUSTRIE,528,13,1,female,child,251,1,couple_with_child
529,21001A472,STADE COMMUNAL - INDUSTRIE,529,30,1,female,parent,252,1,couple_with_child
530,21001A472,STADE COMMUNAL - INDUSTRIE,530,26,0,male,parent,252,1,couple_with_child
531,21001A472,STADE COMMUNAL - INDUSTRIE,531,8,0,male,child,252,1,couple_with_child
532,21001A472,STADE COMMUNAL - INDUSTRIE,532,30,1,female,parent,253,2,couple_no_child
533,21001A472,STADE COMMUNAL - INDUSTRIE,533,24,0,male,parent,253,2,couple_no_child
534,21001A472,STADE COMMUNAL - INDUSTRIE,534,30,1,female,parent,254,3,single
535,21001A472,STADE COMMUNAL - INDUSTRIE,535,30,1,female,parent,255,3,single
536,21001A472,STADE COMMUNAL - INDUSTRIE,536,29,1,female,parent,256,1,couple_with_child
537,21001A472,STADE COMMUNAL - INDUSTRIE,537,25,0,male,parent,256,1,couple_with_child
538,21001A472,STADE COMMUNAL - INDUSTRIE,538,1,1,female,child,256,1,couple_with_child
539,21001A472,STADE COMMUNAL - INDUSTRIE,539,0,1,female,child,256,1,couple_with_child
540,21001A472,STADE COMMUNAL - INDUSTRIE,540,4,0,male,child,256,1,couple_with_child
541,21001A472,STADE COMMUNAL - INDUSTRIE,541,29,1,female,parent,257,1,couple_with_child
542,21001A472,STADE COMMUNAL - INDUSTRIE,542,25,0,male,parent,257,1,couple_with_child
543,21001A472,STADE COMMUNAL - INDUSTRIE,543,4,0,male,child,257,1,couple_with_child
544,21001A472,STADE COMMUNAL - INDUSTRIE,544,29,1,female,parent,258,2,couple_no_child
545,21001A472,STADE COMMUNAL - INDUSTRIE,545,31,0,male,parent,258,2,couple_no_child
546,21001A472,STADE COMMUNAL - INDUSTRIE,546,29,1,female,parent,259,3,single
547,21001A472,STADE COMMUNAL - INDUSTRIE,547,29,1,female,parent,260,3,single
548,21001A472,STADE COMMUNAL - INDUSTRIE,548,28,1,female,parent,261,1,couple_with_child
549,21001A472,STADE COMMUNAL - INDUSTRIE,549,31,0,male,parent,261,1,couple_with_child
550,21001A472,STADE COMMUNAL - INDUSTRIE,550,12,0,male,child,261,1,couple_with_child
551,21001A472,STADE COMMUNAL - INDUSTRIE,551,28,1,female,parent,262,1,couple_with_child
552,21001A472,STADE COMMUNAL - INDUSTRIE,552,26,0,male,parent,262,1,couple_with_child
553,21001A472,STADE COMMUNAL - INDUSTRIE,553,5,1,female,child,262,1,couple_with_child
554,21001A472,STADE COMMUNAL - INDUSTRIE,554,2,0,male,child,262,1,couple_with_child
555,21001A472,STADE COMMUNAL - INDUSTRIE,555,28,1,female,parent,263,2,couple_no_child
556,21001A472,STADE COMMUNAL - INDUSTRIE,556,30,0,male,parent,263,2,couple_no_child
557,21001A472,STADE COMMUNAL - INDUSTRIE,557,28,1,female,parent,264,3,single
558,21001A472,STADE COMMUNAL - INDUSTRIE,558,28,1,female,parent,265,3,single
559,21001A472,STADE COMMUNAL - INDUSTRIE,559,27,1,female,parent,266,1,couple_with_child
560,21001A472,STADE COMMUNAL - INDUSTRIE,560,23,0,male,parent,266,1,couple_with_child
561,21001A472,STADE COMMUNAL - INDUSTRIE,561,1,0,male,child,266,1,couple_with_child
562,21001A472,STADE COMMUNAL - INDUSTRIE,562,27,1,female,parent,267,1,couple_with_child
563,21001A472,STADE COMMUNAL - INDUSTRIE,563,23,0,male,parent,267,1,couple_with_child
564,21001A472,STADE COMMUNAL - INDUSTRIE,564,0,1,female,child,267,1,couple_with_child
565,21001A472,STADE COMMUNAL - INDUSTRIE,565,3,0,male,child,267,1,couple_with_child
566,21001A472,STADE COMMUNAL - INDUSTRIE,566,27,1,female,parent,268,2,couple_no_child
567,21001A472,STADE COMMUNAL - INDUSTRIE,567,28,0,male,parent,268,2,couple_no_child
568,21001A472,STADE COMMUNAL - INDUSTRIE,568,27,1,female,parent,269,3,single
569,21001A472,STADE COMMUNAL - INDUSTRIE,569,27,1,female,parent,270,3,single
570,21001A472,STADE COMMUNAL - INDUSTRIE,570,26,1,female,parent,271,1,couple_with_child
571,21001A472,STADE COMMUNAL - INDUSTRIE,571,30,0,male,parent,271,1,couple_with_child
572,21001A472,STADE COMMUNAL - INDUSTRIE,572,2,0,male,child,271,1,couple_with_child
573,21001A472,STADE COMMUNAL - INDUSTRIE,573,3,1,female,child,271,1,couple_with_child
574,21001A472,STADE COMMUNAL - INDUSTRIE,574,1,0,male,child,271,1,couple_with_child
575,21001A472,STADE COMMUNAL - INDUSTRIE,575,26,1,female,parent,272,1,couple_with_child
576,21001A472,STADE COMMUNAL - INDUSTRIE,576,21,0,male,parent,272,1,couple_with_child
577,21001A472,STADE COMMUNAL - INDUSTRIE,577,4,1,female,child,272,1,couple_with_child
578,21001A472,STADE COMMUNAL - INDUSTRIE,578,4,1,female,child,272,1,couple_with_child
579,21001A472,STADE COMMUNAL - INDUSTRIE,579,26,1,female,parent,273,2,couple_no_child
580,21001A472,STADE COMMUNAL - INDUSTRIE,580,23,0,male,parent,273,2,couple_no_child
581,21001A472,STADE COMMUNAL - INDUSTRIE,581,26,1,female,parent,274,3,single
582,21001A472,STADE COMMUNAL - INDUSTRIE,582,26,1,female,parent,275,3,single
583,21001A472,STADE COMMUNAL - INDUSTRIE,583,25,1,female,parent,276,1,couple_with_child
584,21001A472,STADE COMMUNAL - INDUSTRIE,584,29,0,male,parent,276,1,couple_with_child
585,21001A472,STADE COMMUNAL - INDUSTRIE,585,6,1,female,child,276,1,couple_with_child
586,21001A472,STADE COMMUNAL - INDUSTRIE,586,3,0,male,child,276,1,couple_with_child
587,21001A472,STADE COMMUNAL - INDUSTRIE,587,3,0,male,child,276,1,couple_with_child
588,21001A472,STADE COMMUNAL - INDUSTRIE,588,25,1,female,parent,277,1,couple_with_child
589,21001A472,STADE COMMUNAL - INDUSTRIE,589,26,0,male,parent,277,1,couple_with_child
590,21001A472,STADE COMMUNAL - INDUSTRIE,590,5,0,male,child,277,1,couple_with_child
591,21001A472,STADE COMMUNAL - INDUSTRIE,591,4,1,female,child,277,1,couple_with_child
592,21001A472,STADE COMMUNAL - INDUSTRIE,592,0,0,male,child,277,1,couple_with_child
593,21001A472,STADE COMMUNAL - INDUSTRIE,593,25,1,female,parent,278,2,couple_no_child
594,21001A472,STADE COMMUNAL - INDUSTRIE,594,32,0,male,parent,278,2,couple_no_child
595,21001A472,STADE COMMUNAL - INDUSTRIE,595,25,1,female,parent,279,3,single
596,21001A472,STADE COMMUNAL - INDUSTRIE,596,25,1,female,parent,280,3,single
597,21001A472,STADE COMMUNAL - INDUSTRIE,597,24,1,female,parent,281,1,couple_with_child
598,21001A472,STADE COMMUNAL - INDUSTRIE,598,22,0,male,parent,281,1,couple_with_child
599,21001A472,STADE COMMUNAL - INDUSTRIE,599,2,1,female,child,281,1,couple_with_child
600,21001A472,STADE COMMUNAL - INDUSTRIE,600,24,1,female,parent,282,1,couple_with_child
601,21001A472,STADE COMMUNAL - INDUSTRIE,601,19,0,male,parent,282,1,couple_with_child
602,21001A472,STADE COMMUNAL - INDUSTRIE,602,4,1,female,child,282,1,couple_with_child
603,21001A472,STADE COMMUNAL - INDUSTRIE,603,3,1,female,child,282,1,couple_with_child
604,21001A472,STADE COMMUNAL - INDUSTRIE,604,24,1,female,parent,283,2,couple_no_child
605,21001A472,STADE COMMUNAL - INDUSTRIE,605,25,0,male,parent,283,2,couple_no_child
606,21001A472,STADE COMMUNAL - INDUSTRIE,606,24,1,female,parent,284,3,single
607,21001A472,STADE COMMUNAL - INDUSTRIE,607,24,1,female,parent,285,3,single
608,21001A472,STADE COMMUNAL - INDUSTRIE,608,23,1,female,parent,286,1,couple_with_child
609,21001A472,STADE COMMUNAL - INDUSTRIE,609,16,0,male,parent,286,1,couple_with_child
610,21001A472,STADE COMMUNAL - INDUSTRIE,610,3,1,female,child,286,1,couple_with_child
611,21001A472,STADE COMMUNAL - INDUSTRIE,611,23,1,female,parent,287,1,couple_with_child
612,21001A472,STADE COMMUNAL - INDUSTRIE,612,29,0,male,parent,287,1,couple_with_child
613,21001A472,STADE COMMUNAL - INDUSTRIE,613,2,1,female,child,287,1,couple_with_child
614,21001A472,STADE COMMUNAL - INDUSTRIE,614,23,1,female,parent,288,2,couple_no_child
615,21001A472,STADE COMMUNAL - INDUSTRIE,615,27,0,male,parent,288,2,couple_no_child
616,21001A472,STADE COMMUNAL - INDUSTRIE,616,23,1,female,parent,289,3,single
617,21001A472,STADE COMMUNAL - INDUSTRIE,617,23,1,female,parent,290,3,single
618,21001A472,STADE COMMUNAL - INDUSTRIE,618,22,1,female,parent,291,1,couple_with_child
619,21001A472,STADE COMMUNAL - INDUSTRIE,619,23,0,male,parent,291,1,couple_with_child
620,21001A472,STADE COMMUNAL - INDUSTRIE,620,2,1,female,child,291,1,couple_with_child
621,21001A472,STADE COMMUNAL - INDUSTRIE,621,22,1,female,parent,292,1,couple_with_child
622,21001A472,STADE COMMUNAL - INDUSTRIE,622,21,0,male,parent,292,1,couple_with_child
623,21001A472,STADE COMMUNAL - INDUSTRIE,623,4,0,male,child,292,1,couple_with_child
624,21001A472,STADE COMMUNAL - INDUSTRIE,624,1,1,female,child,292,1,couple_with_child
625,21001A472,STADE COMMUNAL - INDUSTRIE,625,2,0,male,child,292,1,couple_with_child
626,21001A472,STADE COMMUNAL - INDUSTRIE,626,22,1,female,parent,293,2,couple_no_child
627,21001A472,STADE COMMUNAL - INDUSTRIE,627,24,0,male,parent,293,2,couple_no_child
628,21001A472,STADE COMMUNAL - INDUSTRIE,628,22,1,female,parent,294,3,single
629,21001A472,STADE COMMUNAL - INDUSTRIE,629,22,1,female,parent,295,3,single
630,21001A472,STADE COMMUNAL - INDUSTRIE,630,21,1,female,parent,296,1,couple_with_child
631,21001A472,STADE COMMUNAL - INDUSTRIE,631,27,0,male,parent,296,1,couple_with_child
632,21001A472,STADE COMMUNAL - INDUSTRIE,632,4,1,female,child,296,1,couple_with_child
633,21001A472,STADE COMMUNAL - INDUSTRIE,633,21,1,female,parent,297,1,couple_with_child
634,21001A472,STADE COMMUNAL - INDUSTRIE,634,22,0,male,parent,297,1,couple_with_child
635,21001A472,STADE COMMUNAL - INDUSTRIE,635,4,0,male,child,297,1,couple_with_child
636,21001A472,STADE COMMUNAL - INDUSTRIE,636,21,1,female,parent,298,2,couple_no_child
637,21001A472,STADE COMMUNAL - INDUSTRIE,637,25,0,male,parent,298,2,couple_no_child
638,21001A472,STADE COMMUNAL - INDUSTRIE,638,21,1,female,parent,299,3,single
639,21001A472,STADE COMMUNAL - INDUSTRIE,639,21,1,female,parent,300,3,single
640,21001A472,STADE COMMUNAL - INDUSTRIE,640,20,1,female,parent,301,1,couple_with_child
641,21001A472,STADE COMMUNAL - INDUSTRIE,641,25,0,male,parent,301,1,couple_with_child
642,21001A472,STADE COMMUNAL - INDUSTRIE,642,2,1,female,child,301,1,couple_with_child
643,21001A472,STADE COMMUNAL - INDUSTRIE,643,0,0,male,child,301,1,couple_with_child
644,21001A472,STADE COMMUNAL - INDUSTRIE,644,3,1,female,child,301,1,couple_with_child
645,21001A472,STADE COMMUNAL - INDUSTRIE,645,20,1,female,parent,302,1,couple_with_child
646,21001A472,STADE COMMUNAL - INDUSTRIE,646,22,0,male,parent,302,1,couple_with_child
647,21001A472,STADE COMMUNAL - INDUSTRIE,647,2,0,male,child,302,1,couple_with_child
648,21001A472,STADE COMMUNAL - INDUSTRIE,648,0,0,male,child,302,1,couple_with_child
649,21001A472,STADE COMMUNAL - INDUSTRIE,649,20,1,female,parent,303,2,couple_no_child
650,21001A472,STADE COMMUNAL - INDUSTRIE,650,20,0,male,parent,303,2,couple_no_child
651,21001A472,STADE COMMUNAL - INDUSTRIE,651,20,1,female,parent,304,3,single
652,21001A472,STADE COMMUNAL - INDUSTRIE,652,20,1,female,parent,305,3,single
653,21001A472,STADE COMMUNAL - INDUSTRIE,653,19,1,female,parent,306,1,couple_with_child
654,21001A472,STADE COMMUNAL - INDUSTRIE,654,24,0,male,parent,306,1,couple_with_child
655,21001A472,STADE COMMUNAL - INDUSTRIE,655,2,0,male,child,306,1,couple_with_child
656,21001A472,STADE COMMUNAL - INDUSTRIE,656,2,0,male,child,306,1,couple_with_child
657,21001A472,STADE COMMUNAL - INDUSTRIE,657,0,0,male,child,306,1,couple_with_child
658,21001A472,STADE COMMUNAL - INDUSTRIE,658,19,1,female,parent,307,2,couple_no_child
659,21001A472,STADE COMMUNAL - INDUSTRIE,659,25,0,male,parent,307,2,couple_no_child
660,21001A472,STADE COMMUNAL - INDUSTRIE,660,19,1,female,parent,308,3,single
661,21001A472,STADE COMMUNAL - INDUSTRIE,661,19,1,female,parent,309,3,single
662,21001A472,STADE COMMUNAL - INDUSTRIE,662,18,1,female,parent,310,1,couple_with_child
663,21001A472,STADE COMMUNAL - INDUSTRIE,663,18,0,male,parent,310,1,couple_with_child
664,21001A472,STADE COMMUNAL - INDUSTRIE,664,18,1,female,parent,311,2,couple_no_child
665,21001A472,STADE COMMUNAL - INDUSTRIE,665,17,0,male,parent,311,2,couple_no_child
666,21001A472,STADE COMMUNAL - INDUSTRIE,666,18,1,female,parent,312,3,single
667,21001A472,STADE COMMUNAL - INDUSTRIE,667,18,1,female,parent,313,3,single
668,21001A472,STADE COMMUNAL - INDUSTRIE,668,17,1,female,parent,314,1,couple_with_child
669,21001A472,STADE COMMUNAL - INDUSTRIE,669,17,0,male,parent,314,1,couple_with_child
670,21001A472,STADE COMMUNAL - INDUSTRIE,670,17,1,female,parent,315,2,couple_no_child
671,21001A472,STADE COMMUNAL - INDUSTRIE,671,22,0,male,parent,315,2,couple_no_child
672,21001A472,STADE COMMUNAL - INDUSTRIE,672,16,1,female,parent,316,1,couple_with_child
673,21001A472,STADE COMMUNAL - INDUSTRIE,673,21,0,male,parent,316,1,couple_with_child
674,21001A472,STADE COMMUNAL - INDUSTRIE,674,16,1,female,parent,317,2,couple_no_child
675,21001A472,STADE COMMUNAL - INDUSTRIE,675,21,0,male,parent,317,2,couple_no_child
676,21001A472,STADE COMMUNAL - INDUSTRIE,676,64,0,male,parent,318,3,single
677,21001A472,STADE COMMUNAL - INDUSTRIE,677,64,0,male,parent,319,3,single
678,21001A472,STADE COMMUNAL - INDUSTRIE,678,63,0,male,parent,320,3,single
679,21001A472,STADE COMMUNAL - INDUSTRIE,679,63,0,male,parent,321,3,single
680,21001A472,STADE COMMUNAL - INDUSTRIE,680,62,0,male,parent,322,3,single
681,21001A472,STADE COMMUNAL - INDUSTRIE,681,62,0,male,parent,323,3,single
682,21001A472,STADE COMMUNAL - INDUSTRIE,682,61,0,male,parent,324,3,single
683,21001A472,STADE COMMUNAL - INDUSTRIE,683,61,0,male,parent,325,3,single
684,21001A472,STADE COMMUNAL - INDUSTRIE,684,60,0,male,parent,326,3,single
685,21001A472,STADE COMMUNAL - INDUSTRIE,685,60,0,male,parent,327,3,single
686,21001A472,STADE COMMUNAL - INDUSTRIE,686,59,0,male,parent,328,3,single
687,21001A472,STADE COMMUNAL - INDUSTRIE,687,59,0,male,parent,329,3,single
688,21001A472,STADE COMMUNAL - INDUSTRIE,688,58,0,male,parent,330,3,single
689,21001A472,STADE COMMUNAL - INDUSTRIE,689,58,0,male,parent,331,3,single
690,21001A472,STADE COMMUNAL - INDUSTRIE,690,57,0,male,parent,332,3,single
691,21001A472,STADE COMMUNAL - INDUSTRIE,691,57,0,male,parent,333,3,single
692,21001A472,STADE COMMUNAL - INDUSTRIE,692,56,0,male,parent,334,3,single
693,21001A472,STADE COMMUNAL - INDUSTRIE,693,56,0,male,parent,335,3,single
694,21001A472,STADE COMMUNAL - INDUSTRIE,694,55,0,male,parent,336,3,single
695,21001A472,STADE COMMUNAL - INDUSTRIE,695,55,0,male,parent,337,3,single
696,21001A472,STADE COMMUNAL - INDUSTRIE,696,54,0,male,parent,338,3,single
697,21001A472,STADE COMMUNAL - INDUSTRIE,697,54,0,male,parent,339,3,single
698,21001A472,STADE COMMUNAL - INDUSTRIE,698,53,0,male,parent,340,3,single
699,21001A472,STADE COMMUNAL - INDUSTRIE,699,53,0,male,parent,341,3,single
700,21001A472,STADE COMMUNAL - INDUSTRIE,700,52,0,male,parent,342,3,single
701,21001A472,STADE COMMUNAL - INDUSTRIE,701,52,0,male,parent,343,3,single
702,21001A472,STADE COMMUNAL - INDUSTRIE,702,51,0,male,parent,344,3,single
703,21001A472,STADE COMMUNAL - INDUSTRIE,703,51,0,male,parent,345,3,single
704,21001A472,STADE COMMUNAL - INDUSTRIE,704,50,0,male,parent,346,3,single
705,21001A472,STADE COMMUNAL - INDUSTRIE,705,50,0,male,parent,347,3,single
706,21001A472,STADE COMMUNAL - INDUSTRIE,706,49,0,male,parent,348,3,single
707,21001A472,STADE COMMUNAL - INDUSTRIE,707,49,0,male,parent,349,3,single
708,21001A472,STADE COMMUNAL - INDUSTRIE,708,48,0,male,parent,350,3,single
709,21001A472,STADE COMMUNAL - INDUSTRIE,709,48,0,male,parent,351,3,single
710,21001A472,STADE COMMUNAL - INDUSTRIE,710,47,0,male,parent,352,3,single
711,21001A472,STADE COMMUNAL - INDUSTRIE,711,47,0,male,parent,353,3,single
712,21001A472,STADE COMMUNAL - INDUSTRIE,712,46,0,male,parent,354,3,single
713,21001A472,STADE COMMUNAL - INDUSTRIE,713,46,0,male,parent,355,3,single
714,21001A472,STADE COMMUNAL - INDUSTRIE,714,45,0,male,parent,356,3,single
715,21001A472,STADE COMMUNAL - INDUSTRIE,715,45,0,male,parent,357,3,single
716,21001A472,STADE COMMUNAL - INDUSTRIE,716,44,0,male,parent,358,3,single
717,21001A472,STADE COMMUNAL - INDUSTRIE,717,44,0,male,parent,359,3,single
718,21001A472,STADE COMMUNAL - INDUSTRIE,718,43,0,male,parent,360,3,single
719,21001A472,STADE COMMUNAL - INDUSTRIE,719,43,0,male,parent,361,3,single
720,21001A472,STADE COMMUNAL - INDUSTRIE,720,42,0,male,parent,362,3,single
721,21001A472,STADE COMMUNAL - INDUSTRIE,721,42,0,male,parent,363,3,single
722,21001A472,STADE COMMUNAL - INDUSTRIE,722,41,0,male,parent,364,3,single
723,21001A472,STADE COMMUNAL - INDUSTRIE,723,41,0,male,parent,365,3,single
724,21001A472,STADE COMMUNAL - INDUSTRIE,724,40,0,male,parent,366,3,single
725,21001A472,STADE COMMUNAL - INDUSTRIE,725,40,0,male,parent,367,3,single
726,21001A472,STADE COMMUNAL - INDUSTRIE,726,39,0,male,parent,368,3,single
727,21001A472,STADE COMMUNAL - INDUSTRIE,727,39,0,male,parent,369,3,single
728,21001A472,STADE COMMUNAL - INDUSTRIE,728,38,0,male,parent,370,3,single
729,21001A472,STADE COMMUNAL - INDUSTRIE,729,38,0,male,parent,371,3,single
730,21001A472,STADE COMMUNAL - INDUSTRIE,730,37,0,male,parent,372,3,single
731,21001A472,STADE COMMUNAL - INDUSTRIE,731,37,0,male,parent,373,3,single
732,21001A472,STADE COMMUNAL - INDUSTRIE,732,36,0,male,parent,374,3,single
733,21001A472,STADE COMMUNAL - INDUSTRIE,733,36,0,male,parent,375,3,single
734,21001A472,STADE COMMUNAL - INDUSTRIE,734,35,0,male,parent,376,3,single
735,21001A472,STADE COMMUNAL - INDUSTRIE,735,35,0,male,parent,377,3,single
736,21001A472,STADE COMMUNAL - INDUSTRIE,736,34,0,male,parent,378,3,single
737,21001A472,STADE COMMUNAL - INDUSTRIE,737,34,0,male,parent,379,3,single
738,21001A472,STADE COMMUNAL - INDUSTRIE,738,33,0,male,parent,380,3,single
739,21001A472,STADE COMMUNAL - INDUSTRIE,739,33,0,male,parent,381,3,single
740,21001A472,STADE COMMUNAL - INDUSTRIE,740,32,0,male,parent,382,3,single
741,21001A472,STADE COMMUNAL - INDUSTRIE,741,32,0,male,parent,383,3,single
742,21001A472,STADE COMMUNAL - INDUSTRIE,742,31,0,male,parent,384,3,single
743,21001A472,STADE COMMUNAL - INDUSTRIE,743,31,0,male,parent,385,3,single
744,21001A472,STADE COMMUNAL - INDUSTRIE,744,30,0,male,parent,386,3,single
745,21001A472,STADE COMMUNAL - INDUSTRIE,745,30,0,male,parent,387,3,single
746,21001A472,STADE COMMUNAL - INDUSTRIE,746,29,0,male,parent,388,3,single
747,21001A472,STADE COMMUNAL - INDUSTRIE,747,28,0,male,parent,389,3,single
748,21001A472,STADE COMMUNAL - INDUSTRIE,748,27,0,male,parent,390,3,single
749,21001A472,STADE COMMUNAL - INDUSTRIE,749,26,0,male,parent,391,3,single
750,21001A472,STADE COMMUNAL - INDUSTRIE,750,25,0,male,parent,392,3,single
751,21001A472,STADE COMMUNAL - INDUSTRIE,751,24,0,male,parent,393,3,single
752,21001A472,STADE COMMUNAL - INDUSTRIE,752,23,0,male,parent,394,3,single
753,21001A472,STADE COMMUNAL - INDUSTRIE,753,22,0,male,parent,395,3,single
754,21001A472,STADE COMMUNAL - INDUSTRIE,754,21,0,male,parent,396,3,single
755,21001A472,STADE COMMUNAL - INDUSTRIE,755,20,0,male,parent,397,3,single
756,21001A472,STADE COMMUNAL - INDUSTRIE,756,19,0,male,parent,398,3,single
757,21001A472,STADE COMMUNAL - INDUSTRIE,757,18,0,male,parent,399,3,single
758,21001A472,STADE COMMUNAL - INDUSTRIE,758,68,1,female,parent,400,5,colloc
759,21001A472,STADE COMMUNAL - INDUSTRIE,759,74,1,female,parent,400,5,colloc
760,21001A472,STADE COMMUNAL - INDUSTRIE,760,70,0,male,parent,400,5,colloc
761,21001A472,STADE COMMUNAL - INDUSTRIE,761,71,1,female,parent,400,5,colloc
762,21001A472,STADE COMMUNAL - INDUSTRIE,762,70,1,female,parent,400,5,colloc
763,21001A472,STADE COMMUNAL - INDUSTRIE,763,39,1,female,parent,401,5,colloc
764,21001A472,STADE COMMUNAL - INDUSTRIE,764,38,0,male,parent,401,5,colloc
765,21001A472,STADE COMMUNAL - INDUSTRIE,765,33,0,male,parent,401,5,colloc
766,21001A472,STADE COMMUNAL - INDUSTRIE,766,39,0,male,parent,401,5,colloc
767,21001A472,STADE COMMUNAL - INDUSTRIE,767,66,1,female,parent,402,5,colloc
768,21001A472,STADE COMMUNAL - INDUSTRIE,768,67,1,female,parent,402,5,colloc
769,21001A472,STADE COMMUNAL - INDUSTRIE,769,60,0,male,parent,402,5,colloc
770,21001A472,STADE COMMUNAL - INDUSTRIE,770,72,1,female,parent,402,5,colloc
771,21001A472,STADE COMMUNAL - INDUSTRIE,771,65,0,male,parent,402,5,colloc
772,21001A472,STADE COMMUNAL - INDUSTRIE,772,22,1,female,parent,403,5,colloc
773,21001A472,STADE COMMUNAL - INDUSTRIE,773,28,0,male,parent,403,5,colloc
774,21001A472,STADE COMMUNAL - INDUSTRIE,774,27,0,male,parent,403,5,colloc
775,21001A472,STADE COMMUNAL - INDUSTRIE,775,26,1,female,parent,403,5,colloc
776,21001A472,STADE COMMUNAL - INDUSTRIE,776,28,1,female,parent,403,5,colloc
777,21001A472,STADE COMMUNAL - INDUSTRIE,777,28,0,male,parent,403,5,colloc
778,21001A472,STADE COMMUNAL - INDUSTRIE,778,59,0,male,parent,404,5,colloc
779,21001A472,STADE COMMUNAL - INDUSTRIE,779,65,0,male,parent,404,5,colloc
780,21001A472,STADE COMMUNAL - INDUSTRIE,780,61,0,male,parent,404,5,colloc
781,21001A472,STADE COMMUNAL - INDUSTRIE,781,62,0,male,parent,405,5,colloc
782,21001A472,STADE COMMUNAL - INDUSTRIE,782,67,0,male,parent,405,5,colloc
783,21001A472,STADE COMMUNAL - INDUSTRIE,783,64,0,male,parent,405,5,colloc
784,21001A472,STADE COMMUNAL - INDUSTRIE,784,63,0,male,parent,405,5,colloc
785,21001A472,STADE COMMUNAL - INDUSTRIE,785,35,0,male,parent,406,5,colloc
786,21001A472,STADE COMMUNAL - INDUSTRIE,786,39,0,male,parent,406,5,colloc
787,21001A472,STADE COMMUNAL - INDUSTRIE,787,35,0,male,parent,406,5,colloc
788,21001A472,STADE COMMUNAL - INDUSTRIE,788,28,0,male,parent,406,5,colloc
789,21001A472,STADE COMMUNAL - INDUSTRIE,789,28,0,male,parent,406,5,colloc
790,21001A472,STADE COMMUNAL - INDUSTRIE,790,40,0,male,parent,406,5,colloc
791,21001A472,STADE COMMUNAL - INDUSTRIE,791,94,1,female,parent,407,6,collectif
792,21001A472,STADE COMMUNAL - INDUSTRIE,792,93,1,female,parent,408,6,collectif
793,21001A472,STADE COMMUNAL - INDUSTRIE,793,92,1,female,parent,409,6,collectif
794,21001A472,STADE COMMUNAL - INDUSTRIE,794,91,1,female,parent,410,6,collectif
795,21001A472,STADE COMMUNAL - INDUSTRIE,795,90,1,female,parent,411,6,collectif
796,21001A472,STADE COMMUNAL - INDUSTRIE,796,84,1,female,parent,412,6,collectif
797,21001A472,STADE COMMUNAL - INDUSTRIE,797,83,1,female,parent,413,6,collectif
798,21001A472,STADE COMMUNAL - INDUSTRIE,798,82,1,female,parent,414,6,collectif
799,21001A472,STADE COMMUNAL - INDUSTRIE,799,81,1,female,parent,415,6,collectif
800,21001A472,STADE COMMUNAL - INDUSTRIE,800,80,1,female,parent,416,6,collectif
801,21001A472,STADE COMMUNAL - INDUSTRIE,801,74,1,female,parent,417,6,collectif
802,21001A472,STADE COMMUNAL - INDUSTRIE,802,73,1,female,parent,418,6,collectif
803,21001A472,STADE COMMUNAL - INDUSTRIE,803,73,1,female,parent,419,6,collectif
804,21001A472,STADE COMMUNAL - INDUSTRIE,804,72,1,female,parent,420,6,collectif
805,21001A472,STADE COMMUNAL - INDUSTRIE,805,71,1,female,parent,421,6,collectif
806,21001A472,STADE COMMUNAL - INDUSTRIE,806,69,1,female,parent,422,6,collectif
807,21001A472,STADE COMMUNAL - INDUSTRIE,807,65,1,female,parent,423,6,collectif
808,21001A472,STADE COMMUNAL - INDUSTRIE,808,39,1,female,parent,424,6,collectif
809,21001A472,STADE COMMUNAL - INDUSTRIE,809,38,1,female,parent,425,6,collectif
810,21001A472,STADE COMMUNAL - INDUSTRIE,810,38,1,female,parent,426,6,collectif
811,21001A472,STADE COMMUNAL - INDUSTRIE,811,37,1,female,parent,427,6,collectif
812,21001A472,STADE COMMUNAL - INDUSTRIE,812,37,1,female,parent,428,6,collectif
813,21001A472,STADE COMMUNAL - INDUSTRIE,813,36,1,female,parent,429,6,collectif
814,21001A472,STADE COMMUNAL - INDUSTRIE,814,34,1,female,parent,430,6,collectif
815,21001A472,STADE COMMUNAL - INDUSTRIE,815,34,1,female,parent,431,6,collectif
816,21001A472,STADE COMMUNAL - INDUSTRIE,816,33,1,female,parent,432,6,collectif
817,21001A472,STADE COMMUNAL - INDUSTRIE,817,33,1,female,parent,433,6,collectif
818,21001A472,STADE COMMUNAL - INDUSTRIE,818,33,1,female,parent,434,6,collectif
819,21001A472,STADE COMMUNAL - INDUSTRIE,819,32,1,female,parent,435,6,collectif
820,21001A472,STADE COMMUNAL - INDUSTRIE,820,32,1,female,parent,436,6,collectif
821,21001A472,STADE COMMUNAL - INDUSTRIE,821,32,1,female,parent,437,6,collectif
822,21001A472,STADE COMMUNAL - INDUSTRIE,822,31,1,female,parent,438,6,collectif
823,21001A472,STADE COMMUNAL - INDUSTRIE,823,30,1,female,parent,439,6,collectif
824,21001A472,STADE COMMUNAL - INDUSTRIE,824,30,1,female,parent,440,6,collectif
825,21001A472,STADE COMMUNAL - INDUSTRIE,825,29,1,female,parent,441,6,collectif
826,21001A472,STADE COMMUNAL - INDUSTRIE,826,29,1,female,parent,442,6,collectif
827,21001A472,STADE COMMUNAL - INDUSTRIE,827,29,1,female,parent,443,6,collectif
828,21001A472,STADE COMMUNAL - INDUSTRIE,828,29,1,female,parent,444,6,collectif
829,21001A472,STADE COMMUNAL - INDUSTRIE,829,29,1,female,parent,445,6,collectif
830,21001A472,STADE COMMUNAL - INDUSTRIE,830,28,1,female,parent,446,6,collectif
831,21001A472,STADE COMMUNAL - INDUSTRIE,831,28,1,female,parent,447,6,collectif
832,21001A472,STADE COMMUNAL - INDUSTRIE,832,28,1,female,parent,448,6,collectif
833,21001A472,STADE COMMUNAL - INDUSTRIE,833,28,1,female,parent,449,6,collectif
834,21001A472,STADE COMMUNAL - INDUSTRIE,834,28,1,female,parent,450,6,collectif
835,21001A472,STADE COMMUNAL - INDUSTRIE,835,27,1,female,parent,451,6,collectif
836,21001A472,STADE COMMUNAL - INDUSTRIE,836,27,1,female,parent,452,6,collectif
837,21001A472,STADE COMMUNAL - INDUSTRIE,837,27,1,female,parent,453,6,collectif
838,21001A472,STADE COMMUNAL - INDUSTRIE,838,27,1,female,parent,454,6,collectif
839,21001A472,STADE COMMUNAL - INDUSTRIE,839,27,1,female,parent,455,6,collectif
840,21001A472,STADE COMMUNAL - INDUSTRIE,840,27,1,female,parent,456,6,collectif
841,21001A472,STADE COMMUNAL - INDUSTRIE,841,26,1,female,parent,457,6,collectif
842,21001A472,STADE COMMUNAL - INDUSTRIE,842,26,1,female,parent,458,6,collectif
843,21001A472,STADE COMMUNAL - INDUSTRIE,843,26,1,female,parent,459,6,collectif
844,21001A472,STADE COMMUNAL - INDUSTRIE,844,25,1,female,parent,460,6,collectif
845,21001A472,STADE COMMUNAL - INDUSTRIE,845,25,1,female,parent,461,6,collectif
846,21001A472,STADE COMMUNAL - INDUSTRIE,846,25,1,female,parent,462,6,collectif
847,21001A472,STADE COMMUNAL - INDUSTRIE,847,25,1,female,parent,463,6,collectif
848,21001A472,STADE COMMUNAL - INDUSTRIE,848,25,1,female,parent,464,6,collectif
849,21001A472,STADE COMMUNAL - INDUSTRIE,849,15,1,female,parent,465,6,collectif
850,21001A472,STADE COMMUNAL - INDUSTRIE,850,11,1,female,parent,466,6,collectif
851,21001A472,STADE COMMUNAL - INDUSTRIE,851,11,1,female,parent,467,6,collectif
852,21001A472,STADE COMMUNAL - INDUSTRIE,852,9,1,female,parent,468,6,collectif
853,21001A472,STADE COMMUNAL - INDUSTRIE,853,9,1,female,parent,469,6,collectif
854,21001A472,STADE COMMUNAL - INDUSTRIE,854,9,1,female,parent,470,6,collectif
855,21001A472,STADE COMMUNAL - INDUSTRIE,855,6,1,female,parent,471,6,collectif
856,21001A472,STADE COMMUNAL - INDUSTRIE,856,3,1,female,parent,472,6,collectif
857,21001A472,STADE COMMUNAL - INDUSTRIE,857,3,1,female,parent,473,6,collectif
858,21001A472,STADE COMMUNAL - INDUSTRIE,858,70,0,male,parent,474,6,collectif
859,21001A472,STADE COMMUNAL - INDUSTRIE,859,69,0,male,parent,475,6,collectif
860,21001A472,STADE COMMUNAL - INDUSTRIE,860,69,0,male,parent,476,6,collectif
861,21001A472,STADE COMMUNAL - INDUSTRIE,861,68,0,male,parent,477,6,collectif
862,21001A472,STADE COMMUNAL - INDUSTRIE,862,66,0,male,parent,478,6,collectif
863,21001A472,STADE COMMUNAL - INDUSTRIE,863,63,0,male,parent,479,6,collectif
864,21001A472,STADE COMMUNAL - INDUSTRIE,864,61,0,male,parent,480,6,collectif
865,21001A472,STADE COMMUNAL - INDUSTRIE,865,61,0,male,parent,481,6,collectif
866,21001A472,STADE COMMUNAL - INDUSTRIE,866,59,0,male,parent,482,6,collectif
867,21001A472,STADE COMMUNAL - INDUSTRIE,867,58,0,male,parent,483,6,collectif
868,21001A472,STADE COMMUNAL - INDUSTRIE,868,58,0,male,parent,484,6,collectif
869,21001A472,STADE COMMUNAL - INDUSTRIE,869,58,0,male,parent,485,6,collectif
870,21001A472,STADE COMMUNAL - INDUSTRIE,870,55,0,male,parent,486,6,collectif
871,21001A472,STADE COMMUNAL - INDUSTRIE,871,53,0,male,parent,487,6,collectif
872,21001A472,STADE COMMUNAL - INDUSTRIE,872,39,0,male,parent,488,6,collectif
873,21001A472,STADE COMMUNAL - INDUSTRIE,873,38,0,male,parent,489,6,collectif
874,21001A472,STADE COMMUNAL - INDUSTRIE,874,38,0,male,parent,490,6,collectif
875,21001A472,STADE COMMUNAL - INDUSTRIE,875,38,0,male,parent,491,6,collectif
876,21001A472,STADE COMMUNAL - INDUSTRIE,876,38,0,male,parent,492,6,collectif
877,21001A472,STADE COMMUNAL - INDUSTRIE,877,37,0,male,parent,493,6,collectif
878,21001A472,STADE COMMUNAL - INDUSTRIE,878,37,0,male,parent,494,6,collectif
879,21001A472,STADE COMMUNAL - INDUSTRIE,879,37,0,male,parent,495,6,collectif
880,21001A472,STADE COMMUNAL - INDUSTRIE,880,37,0,male,parent,496,6,collectif
881,21001A472,STADE COMMUNAL - INDUSTRIE,881,37,0,male,parent,497,6,collectif
882,21001A472,STADE COMMUNAL - INDUSTRIE,882,37,0,male,parent,498,6,collectif
883,21001A472,STADE COMMUNAL - INDUSTRIE,883,37,0,male,parent,499,6,collectif
884,21001A472,STADE COMMUNAL - INDUSTRIE,884,36,0,male,parent,500,6,collectif
885,21001A472,STADE COMMUNAL - INDUSTRIE,885,36,0,male,parent,501,6,collectif
886,21001A472,STADE COMMUNAL - INDUSTRIE,886,36,0,male,parent,502,6,collectif
887,21001A472,STADE COMMUNAL - INDUSTRIE,887,36,0,male,parent,503,6,collectif
888,21001A472,STADE COMMUNAL - INDUSTRIE,888,35,0,male,parent,504,6,collectif
889,21001A472,STADE COMMUNAL - INDUSTRIE,889,34,0,male,parent,505,6,collectif
890,21001A472,STADE COMMUNAL - INDUSTRIE,890,34,0,male,parent,506,6,collectif
891,21001A472,STADE COMMUNAL - INDUSTRIE,891,34,0,male,parent,507,6,collectif
892,21001A472,STADE COMMUNAL - INDUSTRIE,892,34,0,male,parent,508,6,collectif
893,21001A472,STADE COMMUNAL - INDUSTRIE,893,33,0,male,parent,509,6,collectif
894,21001A472,STADE COMMUNAL - INDUSTRIE,894,33,0,male,parent,510,6,collectif
895,21001A472,STADE COMMUNAL - INDUSTRIE,895,33,0,male,parent,511,6,collectif
896,21001A472,STADE COMMUNAL - INDUSTRIE,896,33,0,male,parent,512,6,collectif
897,21001A472,STADE COMMUNAL - INDUSTRIE,897,33,0,male,parent,513,6,collectif
898,21001A472,STADE COMMUNAL - INDUSTRIE,898,32,0,male,parent,514,6,collectif
899,21001A472,STADE COMMUNAL - INDUSTRIE,899,32,0,male,parent,515,6,collectif
900,21001A472,STADE COMMUNAL - INDUSTRIE,900,32,0,male,parent,516,6,collectif
901,21001A472,STADE COMMUNAL - INDUSTRIE,901,32,0,male,parent,517,6,collectif
902,21001A472,STADE COMMUNAL - INDUSTRIE,902,31,0,male,parent,518,6,collectif
903,21001A472,STADE COMMUNAL - INDUSTRIE,903,31,0,male,parent,519,6,collectif
904,21001A472,STADE COMMUNAL - INDUSTRIE,904,30,0,male,parent,520,6,collectif
905,21001A472,STADE COMMUNAL - INDUSTRIE,905,30,0,male,parent,521,6,collectif
906,21001A472,STADE COMMUNAL - INDUSTRIE,906,29,0,male,parent,522,6,collectif
907,21001A472,STADE COMMUNAL - INDUSTRIE,907,29,0,male,parent,523,6,collectif
908,21001A472,STADE COMMUNAL - INDUSTRIE,908,29,0,male,parent,524,6,collectif
909,21001A472,STADE COMMUNAL - INDUSTRIE,909,15,0,male,parent,525,6,collectif
910,21001A472,STADE COMMUNAL - INDUSTRIE,910,15,0,male,parent,526,6,collectif
911,21001A472,STADE COMMUNAL - INDUSTRIE,911,15,0,male,parent,527,6,collectif
912,21001A472,STADE COMMUNAL - INDUSTRIE,912,14,0,male,parent,528,6,collectif
913,21001A472,STADE COMMUNAL - INDUSTRIE,913,13,0,male,parent,529,6,collectif
914,21001A472,STADE COMMUNAL - INDUSTRIE,914,12,0,male,parent,530,6,collectif
915,21001A472,STADE COMMUNAL - INDUSTRIE,915,4,0,male,parent,531,6,collectif
